need_id,centre_id,category_id,item_name,notes,is_active,created_at,updated_at
1,1,13,Canned food,"Canned food, packaged beverages and packaged food are listed as preferred.",1,2026-10-03 11:43:31,2026-10-03 11:43:31
2,1,7,Packaged beverages,"Canned food, packaged beverages and packaged food are listed as preferred.",1,2026-10-03 11:43:31,2026-10-03 11:43:31
3,1,15,Packaged food,"Canned food, packaged beverages and packaged food are listed as preferred.",1,2026-10-03 11:43:31,2026-10-03 11:43:31
4,2,14,Rice,"Currently, the Box of Hope initiative only accepts basic food necessities such as rice, flour, canned food, cooking oil and others.",1,2026-10-03 11:43:31,2026-10-03 11:43:31
5,2,14,Flour,"Currently, the Box of Hope initiative only accepts basic food necessities such as rice, flour, canned food, cooking oil and others.",1,2026-10-03 11:43:31,2026-10-03 11:43:31
6,2,13,Canned food,"Currently, the Box of Hope initiative only accepts basic food necessities such as rice, flour, canned food, cooking oil and others.",1,2026-10-03 11:43:31,2026-10-03 11:43:31
7,2,13,Cooking oil,"Currently, the Box of Hope initiative only accepts basic food necessities such as rice, flour, canned food, cooking oil and others.",1,2026-10-03 11:43:31,2026-10-03 11:43:31
8,3,14,Rice,"Currently, the Box of Hope initiative only accepts basic food necessities such as rice, flour, canned food, cooking oil and others.",1,2026-10-03 11:43:31,2026-10-03 11:43:31
9,3,14,Flour,"Currently, the Box of Hope initiative only accepts basic food necessities such as rice, flour, canned food, cooking oil and others.",1,2026-10-03 11:43:31,2026-10-03 11:43:31
10,3,13,Canned food,"Currently, the Box of Hope initiative only accepts basic food necessities such as rice, flour, canned food, cooking oil and others.",1,2026-10-03 11:43:31,2026-10-03 11:43:31
11,3,13,Cooking oil,"Currently, the Box of Hope initiative only accepts basic food necessities such as rice, flour, canned food, cooking oil and others.",1,2026-10-03 11:43:31,2026-10-03 11:43:31
12,4,14,Rice,"Currently, the Box of Hope initiative only accepts basic food necessities such as rice, flour, canned food, cooking oil and others.",1,2026-10-03 11:43:31,2026-10-03 11:43:31
13,4,14,Flour,"Currently, the Box of Hope initiative only accepts basic food necessities such as rice, flour, canned food, cooking oil and others.",1,2026-10-03 11:43:31,2026-10-03 11:43:31
14,4,13,Canned food,"Currently, the Box of Hope initiative only accepts basic food necessities such as rice, flour, canned food, cooking oil and others.",1,2026-10-03 11:43:31,2026-10-03 11:43:31
15,4,13,Cooking oil,"Currently, the Box of Hope initiative only accepts basic food necessities such as rice, flour, canned food, cooking oil and others.",1,2026-10-03 11:43:31,2026-10-03 11:43:31
16,5,14,Rice,"Currently, the Box of Hope initiative only accepts basic food necessities such as rice, flour, canned food, cooking oil and others.",1,2026-10-03 11:43:31,2026-10-03 11:43:31
17,5,14,Flour,"Currently, the Box of Hope initiative only accepts basic food necessities such as rice, flour, canned food, cooking oil and others.",1,2026-10-03 11:43:31,2026-10-03 11:43:31
18,5,13,Canned food,"Currently, the Box of Hope initiative only accepts basic food necessities such as rice, flour, canned food, cooking oil and others.",1,2026-10-03 11:43:31,2026-10-03 11:43:31
19,5,13,Cooking oil,"Currently, the Box of Hope initiative only accepts basic food necessities such as rice, flour, canned food, cooking oil and others.",1,2026-10-03 11:43:31,2026-10-03 11:43:31
20,7,6,Biscuits,"Biscuits, canned goods (baked beans and sardines), a chocolate-based drink, cooking oil, dry/instant noodles, milk powder, oats, and rice. Contents may vary depending on available donations and are tailored to meet nutritional and cultural needs. Contact before donation.",1,2026-10-03 11:43:31,2026-10-03 11:43:31
21,7,13,Canned baked beans,"Biscuits, canned goods (baked beans and sardines), a chocolate-based drink, cooking oil, dry/instant noodles, milk powder, oats, and rice. Contents may vary depending on available donations and are tailored to meet nutritional and cultural needs. Contact before donation.",1,2026-10-03 11:43:31,2026-10-03 11:43:31
22,7,13,Canned sardines,"Biscuits, canned goods (baked beans and sardines), a chocolate-based drink, cooking oil, dry/instant noodles, milk powder, oats, and rice. Contents may vary depending on available donations and are tailored to meet nutritional and cultural needs. Contact before donation.",1,2026-10-03 11:43:31,2026-10-03 11:43:31
23,7,7,Chocolate-based drink,"Biscuits, canned goods (baked beans and sardines), a chocolate-based drink, cooking oil, dry/instant noodles, milk powder, oats, and rice. Contents may vary depending on available donations and are tailored to meet nutritional and cultural needs. Contact before donation.",1,2026-10-03 11:43:31,2026-10-03 11:43:31
24,7,13,Cooking oil,"Biscuits, canned goods (baked beans and sardines), a chocolate-based drink, cooking oil, dry/instant noodles, milk powder, oats, and rice. Contents may vary depending on available donations and are tailored to meet nutritional and cultural needs. Contact before donation.",1,2026-10-03 11:43:31,2026-10-03 11:43:31
25,7,14,Dry/instant noodles,"Biscuits, canned goods (baked beans and sardines), a chocolate-based drink, cooking oil, dry/instant noodles, milk powder, oats, and rice. Contents may vary depending on available donations and are tailored to meet nutritional and cultural needs. Contact before donation.",1,2026-10-03 11:43:31,2026-10-03 11:43:31
26,7,1,Milk powder,"Biscuits, canned goods (baked beans and sardines), a chocolate-based drink, cooking oil, dry/instant noodles, milk powder, oats, and rice. Contents may vary depending on available donations and are tailored to meet nutritional and cultural needs. Contact before donation.",1,2026-10-03 11:43:31,2026-10-03 11:43:31
27,7,14,Oats,"Biscuits, canned goods (baked beans and sardines), a chocolate-based drink, cooking oil, dry/instant noodles, milk powder, oats, and rice. Contents may vary depending on available donations and are tailored to meet nutritional and cultural needs. Contact before donation.",1,2026-10-03 11:43:31,2026-10-03 11:43:31
28,7,14,Rice,"Biscuits, canned goods (baked beans and sardines), a chocolate-based drink, cooking oil, dry/instant noodles, milk powder, oats, and rice. Contents may vary depending on available donations and are tailored to meet nutritional and cultural needs. Contact before donation.",1,2026-10-03 11:43:31,2026-10-03 11:43:31
29,8,6,Biscuits,"Biscuits, canned goods (baked beans and sardines), a chocolate-based drink, cooking oil, dry/instant noodles, milk powder, oats, and rice. Contents may vary depending on available donations and are tailored to meet nutritional and cultural needs. Contact before donation.",1,2026-10-03 11:43:31,2026-10-03 11:43:31
30,8,13,Canned baked beans,"Biscuits, canned goods (baked beans and sardines), a chocolate-based drink, cooking oil, dry/instant noodles, milk powder, oats, and rice. Contents may vary depending on available donations and are tailored to meet nutritional and cultural needs. Contact before donation.",1,2026-10-03 11:43:31,2026-10-03 11:43:31
31,8,13,Canned sardines,"Biscuits, canned goods (baked beans and sardines), a chocolate-based drink, cooking oil, dry/instant noodles, milk powder, oats, and rice. Contents may vary depending on available donations and are tailored to meet nutritional and cultural needs. Contact before donation.",1,2026-10-03 11:43:31,2026-10-03 11:43:31
32,8,7,Chocolate-based drink,"Biscuits, canned goods (baked beans and sardines), a chocolate-based drink, cooking oil, dry/instant noodles, milk powder, oats, and rice. Contents may vary depending on available donations and are tailored to meet nutritional and cultural needs. Contact before donation.",1,2026-10-03 11:43:31,2026-10-03 11:43:31
33,8,13,Cooking oil,"Biscuits, canned goods (baked beans and sardines), a chocolate-based drink, cooking oil, dry/instant noodles, milk powder, oats, and rice. Contents may vary depending on available donations and are tailored to meet nutritional and cultural needs. Contact before donation.",1,2026-10-03 11:43:31,2026-10-03 11:43:31
34,8,14,Dry/instant noodles,"Biscuits, canned goods (baked beans and sardines), a chocolate-based drink, cooking oil, dry/instant noodles, milk powder, oats, and rice. Contents may vary depending on available donations and are tailored to meet nutritional and cultural needs. Contact before donation.",1,2026-10-03 11:43:31,2026-10-03 11:43:31
35,8,1,Milk powder,"Biscuits, canned goods (baked beans and sardines), a chocolate-based drink, cooking oil, dry/instant noodles, milk powder, oats, and rice. Contents may vary depending on available donations and are tailored to meet nutritional and cultural needs. Contact before donation.",1,2026-10-03 11:43:31,2026-10-03 11:43:31
36,8,14,Oats,"Biscuits, canned goods (baked beans and sardines), a chocolate-based drink, cooking oil, dry/instant noodles, milk powder, oats, and rice. Contents may vary depending on available donations and are tailored to meet nutritional and cultural needs. Contact before donation.",1,2026-10-03 11:43:31,2026-10-03 11:43:31
37,8,14,Rice,"Biscuits, canned goods (baked beans and sardines), a chocolate-based drink, cooking oil, dry/instant noodles, milk powder, oats, and rice. Contents may vary depending on available donations and are tailored to meet nutritional and cultural needs. Contact before donation.",1,2026-10-03 11:43:31,2026-10-03 11:43:31
38,9,6,Biscuits,"Biscuits, canned goods (baked beans and sardines), a chocolate-based drink, cooking oil, dry/instant noodles, milk powder, oats, and rice. Contents may vary depending on available donations and are tailored to meet nutritional and cultural needs. Contact before donation.",1,2026-10-03 11:43:31,2026-10-03 11:43:31
39,9,13,Canned baked beans,"Biscuits, canned goods (baked beans and sardines), a chocolate-based drink, cooking oil, dry/instant noodles, milk powder, oats, and rice. Contents may vary depending on available donations and are tailored to meet nutritional and cultural needs. Contact before donation.",1,2026-10-03 11:43:31,2026-10-03 11:43:31
40,9,13,Canned sardines,"Biscuits, canned goods (baked beans and sardines), a chocolate-based drink, cooking oil, dry/instant noodles, milk powder, oats, and rice. Contents may vary depending on available donations and are tailored to meet nutritional and cultural needs. Contact before donation.",1,2026-10-03 11:43:31,2026-10-03 11:43:31
41,9,7,Chocolate-based drink,"Biscuits, canned goods (baked beans and sardines), a chocolate-based drink, cooking oil, dry/instant noodles, milk powder, oats, and rice. Contents may vary depending on available donations and are tailored to meet nutritional and cultural needs. Contact before donation.",1,2026-10-03 11:43:31,2026-10-03 11:43:31
42,9,13,Cooking oil,"Biscuits, canned goods (baked beans and sardines), a chocolate-based drink, cooking oil, dry/instant noodles, milk powder, oats, and rice. Contents may vary depending on available donations and are tailored to meet nutritional and cultural needs. Contact before donation.",1,2026-10-03 11:43:31,2026-10-03 11:43:31
43,9,14,Dry/instant noodles,"Biscuits, canned goods (baked beans and sardines), a chocolate-based drink, cooking oil, dry/instant noodles, milk powder, oats, and rice. Contents may vary depending on available donations and are tailored to meet nutritional and cultural needs. Contact before donation.",1,2026-10-03 11:43:31,2026-10-03 11:43:31
44,9,1,Milk powder,"Biscuits, canned goods (baked beans and sardines), a chocolate-based drink, cooking oil, dry/instant noodles, milk powder, oats, and rice. Contents may vary depending on available donations and are tailored to meet nutritional and cultural needs. Contact before donation.",1,2026-10-03 11:43:31,2026-10-03 11:43:31
45,9,14,Oats,"Biscuits, canned goods (baked beans and sardines), a chocolate-based drink, cooking oil, dry/instant noodles, milk powder, oats, and rice. Contents may vary depending on available donations and are tailored to meet nutritional and cultural needs. Contact before donation.",1,2026-10-03 11:43:31,2026-10-03 11:43:31
46,9,14,Rice,"Biscuits, canned goods (baked beans and sardines), a chocolate-based drink, cooking oil, dry/instant noodles, milk powder, oats, and rice. Contents may vary depending on available donations and are tailored to meet nutritional and cultural needs. Contact before donation.",1,2026-10-03 11:43:31,2026-10-03 11:43:31
47,10,6,Biscuits,"Biscuits, canned goods (baked beans and sardines), a chocolate-based drink, cooking oil, dry/instant noodles, milk powder, oats, and rice. Contents may vary depending on available donations and are tailored to meet nutritional and cultural needs. Contact before donation.",1,2026-10-03 11:43:31,2026-10-03 11:43:31
48,10,13,Canned baked beans,"Biscuits, canned goods (baked beans and sardines), a chocolate-based drink, cooking oil, dry/instant noodles, milk powder, oats, and rice. Contents may vary depending on available donations and are tailored to meet nutritional and cultural needs. Contact before donation.",1,2026-10-03 11:43:31,2026-10-03 11:43:31
49,10,13,Canned sardines,"Biscuits, canned goods (baked beans and sardines), a chocolate-based drink, cooking oil, dry/instant noodles, milk powder, oats, and rice. Contents may vary depending on available donations and are tailored to meet nutritional and cultural needs. Contact before donation.",1,2026-10-03 11:43:31,2026-10-03 11:43:31
50,10,7,Chocolate-based drink,"Biscuits, canned goods (baked beans and sardines), a chocolate-based drink, cooking oil, dry/instant noodles, milk powder, oats, and rice. Contents may vary depending on available donations and are tailored to meet nutritional and cultural needs. Contact before donation.",1,2026-10-03 11:43:31,2026-10-03 11:43:31
51,10,13,Cooking oil,"Biscuits, canned goods (baked beans and sardines), a chocolate-based drink, cooking oil, dry/instant noodles, milk powder, oats, and rice. Contents may vary depending on available donations and are tailored to meet nutritional and cultural needs. Contact before donation.",1,2026-10-03 11:43:31,2026-10-03 11:43:31
52,10,14,Dry/instant noodles,"Biscuits, canned goods (baked beans and sardines), a chocolate-based drink, cooking oil, dry/instant noodles, milk powder, oats, and rice. Contents may vary depending on available donations and are tailored to meet nutritional and cultural needs. Contact before donation.",1,2026-10-03 11:43:31,2026-10-03 11:43:31
53,10,1,Milk powder,"Biscuits, canned goods (baked beans and sardines), a chocolate-based drink, cooking oil, dry/instant noodles, milk powder, oats, and rice. Contents may vary depending on available donations and are tailored to meet nutritional and cultural needs. Contact before donation.",1,2026-10-03 11:43:31,2026-10-03 11:43:31
54,10,14,Oats,"Biscuits, canned goods (baked beans and sardines), a chocolate-based drink, cooking oil, dry/instant noodles, milk powder, oats, and rice. Contents may vary depending on available donations and are tailored to meet nutritional and cultural needs. Contact before donation.",1,2026-10-03 11:43:31,2026-10-03 11:43:31
55,10,14,Rice,"Biscuits, canned goods (baked beans and sardines), a chocolate-based drink, cooking oil, dry/instant noodles, milk powder, oats, and rice. Contents may vary depending on available donations and are tailored to meet nutritional and cultural needs. Contact before donation.",1,2026-10-03 11:43:31,2026-10-03 11:43:31
56,11,6,Biscuits,"Biscuits, canned goods (baked beans and sardines), a chocolate-based drink, cooking oil, dry/instant noodles, milk powder, oats, and rice. Contents may vary depending on available donations and are tailored to meet nutritional and cultural needs. Contact before donation.",1,2026-10-03 11:43:31,2026-10-03 11:43:31
57,11,13,Canned baked beans,"Biscuits, canned goods (baked beans and sardines), a chocolate-based drink, cooking oil, dry/instant noodles, milk powder, oats, and rice. Contents may vary depending on available donations and are tailored to meet nutritional and cultural needs. Contact before donation.",1,2026-10-03 11:43:31,2026-10-03 11:43:31
58,11,13,Canned sardines,"Biscuits, canned goods (baked beans and sardines), a chocolate-based drink, cooking oil, dry/instant noodles, milk powder, oats, and rice. Contents may vary depending on available donations and are tailored to meet nutritional and cultural needs. Contact before donation.",1,2026-10-03 11:43:31,2026-10-03 11:43:31
59,11,7,Chocolate-based drink,"Biscuits, canned goods (baked beans and sardines), a chocolate-based drink, cooking oil, dry/instant noodles, milk powder, oats, and rice. Contents may vary depending on available donations and are tailored to meet nutritional and cultural needs. Contact before donation.",1,2026-10-03 11:43:31,2026-10-03 11:43:31
60,11,13,Cooking oil,"Biscuits, canned goods (baked beans and sardines), a chocolate-based drink, cooking oil, dry/instant noodles, milk powder, oats, and rice. Contents may vary depending on available donations and are tailored to meet nutritional and cultural needs. Contact before donation.",1,2026-10-03 11:43:31,2026-10-03 11:43:31
61,11,14,Dry/instant noodles,"Biscuits, canned goods (baked beans and sardines), a chocolate-based drink, cooking oil, dry/instant noodles, milk powder, oats, and rice. Contents may vary depending on available donations and are tailored to meet nutritional and cultural needs. Contact before donation.",1,2026-10-03 11:43:31,2026-10-03 11:43:31
62,11,1,Milk powder,"Biscuits, canned goods (baked beans and sardines), a chocolate-based drink, cooking oil, dry/instant noodles, milk powder, oats, and rice. Contents may vary depending on available donations and are tailored to meet nutritional and cultural needs. Contact before donation.",1,2026-10-03 11:43:31,2026-10-03 11:43:31
63,11,14,Oats,"Biscuits, canned goods (baked beans and sardines), a chocolate-based drink, cooking oil, dry/instant noodles, milk powder, oats, and rice. Contents may vary depending on available donations and are tailored to meet nutritional and cultural needs. Contact before donation.",1,2026-10-03 11:43:31,2026-10-03 11:43:31
64,11,14,Rice,"Biscuits, canned goods (baked beans and sardines), a chocolate-based drink, cooking oil, dry/instant noodles, milk powder, oats, and rice. Contents may vary depending on available donations and are tailored to meet nutritional and cultural needs. Contact before donation.",1,2026-10-03 11:43:31,2026-10-03 11:43:31
65,12,6,Biscuits,"Biscuits, canned goods (baked beans and sardines), a chocolate-based drink, cooking oil, dry/instant noodles, milk powder, oats, and rice. Contents may vary depending on available donations and are tailored to meet nutritional and cultural needs. Contact before donation.",1,2026-10-03 11:43:31,2026-10-03 11:43:31
66,12,13,Canned baked beans,"Biscuits, canned goods (baked beans and sardines), a chocolate-based drink, cooking oil, dry/instant noodles, milk powder, oats, and rice. Contents may vary depending on available donations and are tailored to meet nutritional and cultural needs. Contact before donation.",1,2026-10-03 11:43:31,2026-10-03 11:43:31
67,12,13,Canned sardines,"Biscuits, canned goods (baked beans and sardines), a chocolate-based drink, cooking oil, dry/instant noodles, milk powder, oats, and rice. Contents may vary depending on available donations and are tailored to meet nutritional and cultural needs. Contact before donation.",1,2026-10-03 11:43:31,2026-10-03 11:43:31
68,12,7,Chocolate-based drink,"Biscuits, canned goods (baked beans and sardines), a chocolate-based drink, cooking oil, dry/instant noodles, milk powder, oats, and rice. Contents may vary depending on available donations and are tailored to meet nutritional and cultural needs. Contact before donation.",1,2026-10-03 11:43:31,2026-10-03 11:43:31
69,12,13,Cooking oil,"Biscuits, canned goods (baked beans and sardines), a chocolate-based drink, cooking oil, dry/instant noodles, milk powder, oats, and rice. Contents may vary depending on available donations and are tailored to meet nutritional and cultural needs. Contact before donation.",1,2026-10-03 11:43:31,2026-10-03 11:43:31
70,12,14,Dry/instant noodles,"Biscuits, canned goods (baked beans and sardines), a chocolate-based drink, cooking oil, dry/instant noodles, milk powder, oats, and rice. Contents may vary depending on available donations and are tailored to meet nutritional and cultural needs. Contact before donation.",1,2026-10-03 11:43:31,2026-10-03 11:43:31
71,12,1,Milk powder,"Biscuits, canned goods (baked beans and sardines), a chocolate-based drink, cooking oil, dry/instant noodles, milk powder, oats, and rice. Contents may vary depending on available donations and are tailored to meet nutritional and cultural needs. Contact before donation.",1,2026-10-03 11:43:31,2026-10-03 11:43:31
72,12,14,Oats,"Biscuits, canned goods (baked beans and sardines), a chocolate-based drink, cooking oil, dry/instant noodles, milk powder, oats, and rice. Contents may vary depending on available donations and are tailored to meet nutritional and cultural needs. Contact before donation.",1,2026-10-03 11:43:31,2026-10-03 11:43:31
73,12,14,Rice,"Biscuits, canned goods (baked beans and sardines), a chocolate-based drink, cooking oil, dry/instant noodles, milk powder, oats, and rice. Contents may vary depending on available donations and are tailored to meet nutritional and cultural needs. Contact before donation.",1,2026-10-03 11:43:31,2026-10-03 11:43:31
74,13,15,Instant food,"Dry Food: Instant food, oats, biscuits. Canned Food. Instant Drinks: 3-in-1, tea, coffee. Snacks: Chocolate, bread, light snacks.",1,2026-10-03 11:43:31,2026-10-03 11:43:31
75,13,14,Oats,"Dry Food: Instant food, oats, biscuits. Canned Food. Instant Drinks: 3-in-1, tea, coffee. Snacks: Chocolate, bread, light snacks.",1,2026-10-03 11:43:31,2026-10-03 11:43:31
76,13,6,Biscuits,"Dry Food: Instant food, oats, biscuits. Canned Food. Instant Drinks: 3-in-1, tea, coffee. Snacks: Chocolate, bread, light snacks.",1,2026-10-03 11:43:31,2026-10-03 11:43:31
77,13,13,Canned food,"Dry Food: Instant food, oats, biscuits. Canned Food. Instant Drinks: 3-in-1, tea, coffee. Snacks: Chocolate, bread, light snacks.",1,2026-10-03 11:43:31,2026-10-03 11:43:31
78,13,7,3-in-1 drinks,"Dry Food: Instant food, oats, biscuits. Canned Food. Instant Drinks: 3-in-1, tea, coffee. Snacks: Chocolate, bread, light snacks.",1,2026-10-03 11:43:31,2026-10-03 11:43:31
79,13,7,Tea,"Dry Food: Instant food, oats, biscuits. Canned Food. Instant Drinks: 3-in-1, tea, coffee. Snacks: Chocolate, bread, light snacks.",1,2026-10-03 11:43:31,2026-10-03 11:43:31
80,13,7,Coffee,"Dry Food: Instant food, oats, biscuits. Canned Food. Instant Drinks: 3-in-1, tea, coffee. Snacks: Chocolate, bread, light snacks.",1,2026-10-03 11:43:31,2026-10-03 11:43:31
81,13,6,Chocolate,"Dry Food: Instant food, oats, biscuits. Canned Food. Instant Drinks: 3-in-1, tea, coffee. Snacks: Chocolate, bread, light snacks.",1,2026-10-03 11:43:31,2026-10-03 11:43:31
82,13,12,Bread,"Dry Food: Instant food, oats, biscuits. Canned Food. Instant Drinks: 3-in-1, tea, coffee. Snacks: Chocolate, bread, light snacks.",1,2026-10-03 11:43:31,2026-10-03 11:43:31
83,13,6,Light snacks,"Dry Food: Instant food, oats, biscuits. Canned Food. Instant Drinks: 3-in-1, tea, coffee. Snacks: Chocolate, bread, light snacks.",1,2026-10-03 11:43:31,2026-10-03 11:43:31
84,14,14,Rice,"Basic food supplies with package: rice, sugar, sardines, wheat flour, biscuits, milk powder, cooking oil and bee hoon, milk powder, Milo. Food items that could be stored.",1,2026-10-03 11:43:31,2026-10-03 11:43:31
85,14,15,Sugar,"Basic food supplies with package: rice, sugar, sardines, wheat flour, biscuits, milk powder, cooking oil and bee hoon, milk powder, Milo. Food items that could be stored.",1,2026-10-03 11:43:31,2026-10-03 11:43:31
86,14,13,Sardines,"Basic food supplies with package: rice, sugar, sardines, wheat flour, biscuits, milk powder, cooking oil and bee hoon, milk powder, Milo. Food items that could be stored.",1,2026-10-03 11:43:31,2026-10-03 11:43:31
87,14,14,Wheat flour,"Basic food supplies with package: rice, sugar, sardines, wheat flour, biscuits, milk powder, cooking oil and bee hoon, milk powder, Milo. Food items that could be stored.",1,2026-10-03 11:43:31,2026-10-03 11:43:31
88,14,6,Biscuits,"Basic food supplies with package: rice, sugar, sardines, wheat flour, biscuits, milk powder, cooking oil and bee hoon, milk powder, Milo. Food items that could be stored.",1,2026-10-03 11:43:31,2026-10-03 11:43:31
89,14,1,Milk powder,"Basic food supplies with package: rice, sugar, sardines, wheat flour, biscuits, milk powder, cooking oil and bee hoon, milk powder, Milo. Food items that could be stored.",1,2026-10-03 11:43:31,2026-10-03 11:43:31
90,14,13,Cooking oil,"Basic food supplies with package: rice, sugar, sardines, wheat flour, biscuits, milk powder, cooking oil and bee hoon, milk powder, Milo. Food items that could be stored.",1,2026-10-03 11:43:31,2026-10-03 11:43:31
91,14,14,Bee hoon,"Basic food supplies with package: rice, sugar, sardines, wheat flour, biscuits, milk powder, cooking oil and bee hoon, milk powder, Milo. Food items that could be stored.",1,2026-10-03 11:43:31,2026-10-03 11:43:31
92,14,7,Milo,"Basic food supplies with package: rice, sugar, sardines, wheat flour, biscuits, milk powder, cooking oil and bee hoon, milk powder, Milo. Food items that could be stored.",1,2026-10-03 11:43:31,2026-10-03 11:43:31
93,14,15,Storable food items,"Basic food supplies with package: rice, sugar, sardines, wheat flour, biscuits, milk powder, cooking oil and bee hoon, milk powder, Milo. Food items that could be stored.",1,2026-10-03 11:43:31,2026-10-03 11:43:31
94,15,15,Dry / preserved / grocery food items,Dry /preserved /grocery food items,1,2026-10-03 11:43:31,2026-10-03 11:43:31
95,16,14,Rice,"Package foods: Rice, Cooking oil, Sugar (Coarse), Milk Powder, Condensed Milk, Boh Tea Powder, Coffee Powder, Milo, Biscuits, Canned Food such as Sardines, Baked beans, etc.",1,2026-10-03 11:43:31,2026-10-03 11:43:31
96,16,13,Cooking oil,"Package foods: Rice, Cooking oil, Sugar (Coarse), Milk Powder, Condensed Milk, Boh Tea Powder, Coffee Powder, Milo, Biscuits, Canned Food such as Sardines, Baked beans, etc.",1,2026-10-03 11:43:31,2026-10-03 11:43:31
97,16,15,Coarse sugar,"Package foods: Rice, Cooking oil, Sugar (Coarse), Milk Powder, Condensed Milk, Boh Tea Powder, Coffee Powder, Milo, Biscuits, Canned Food such as Sardines, Baked beans, etc.",1,2026-10-03 11:43:31,2026-10-03 11:43:31
98,16,1,Milk powder,"Package foods: Rice, Cooking oil, Sugar (Coarse), Milk Powder, Condensed Milk, Boh Tea Powder, Coffee Powder, Milo, Biscuits, Canned Food such as Sardines, Baked beans, etc.",1,2026-10-03 11:43:31,2026-10-03 11:43:31
99,16,1,Condensed milk,"Package foods: Rice, Cooking oil, Sugar (Coarse), Milk Powder, Condensed Milk, Boh Tea Powder, Coffee Powder, Milo, Biscuits, Canned Food such as Sardines, Baked beans, etc.",1,2026-10-03 11:43:31,2026-10-03 11:43:31
100,16,7,Boh tea powder,"Package foods: Rice, Cooking oil, Sugar (Coarse), Milk Powder, Condensed Milk, Boh Tea Powder, Coffee Powder, Milo, Biscuits, Canned Food such as Sardines, Baked beans, etc.",1,2026-10-03 11:43:31,2026-10-03 11:43:31
101,16,7,Coffee powder,"Package foods: Rice, Cooking oil, Sugar (Coarse), Milk Powder, Condensed Milk, Boh Tea Powder, Coffee Powder, Milo, Biscuits, Canned Food such as Sardines, Baked beans, etc.",1,2026-10-03 11:43:31,2026-10-03 11:43:31
102,16,7,Milo,"Package foods: Rice, Cooking oil, Sugar (Coarse), Milk Powder, Condensed Milk, Boh Tea Powder, Coffee Powder, Milo, Biscuits, Canned Food such as Sardines, Baked beans, etc.",1,2026-10-03 11:43:31,2026-10-03 11:43:31
103,16,6,Biscuits,"Package foods: Rice, Cooking oil, Sugar (Coarse), Milk Powder, Condensed Milk, Boh Tea Powder, Coffee Powder, Milo, Biscuits, Canned Food such as Sardines, Baked beans, etc.",1,2026-10-03 11:43:31,2026-10-03 11:43:31
104,16,13,Canned food,"Package foods: Rice, Cooking oil, Sugar (Coarse), Milk Powder, Condensed Milk, Boh Tea Powder, Coffee Powder, Milo, Biscuits, Canned Food such as Sardines, Baked beans, etc.",1,2026-10-03 11:43:31,2026-10-03 11:43:31
105,17,14,Rice,"Non-perishable foods (e.g. rice, canned food, adult milk supplement, milo, biscuits, etc.)",1,2026-10-03 11:43:31,2026-10-03 11:43:31
106,17,13,Canned food,"Non-perishable foods (e.g. rice, canned food, adult milk supplement, milo, biscuits, etc.)",1,2026-10-03 11:43:31,2026-10-03 11:43:31
107,17,1,Adult milk supplement,"Non-perishable foods (e.g. rice, canned food, adult milk supplement, milo, biscuits, etc.)",1,2026-10-03 11:43:31,2026-10-03 11:43:31
108,17,7,Milo,"Non-perishable foods (e.g. rice, canned food, adult milk supplement, milo, biscuits, etc.)",1,2026-10-03 11:43:31,2026-10-03 11:43:31
109,17,6,Biscuits,"Non-perishable foods (e.g. rice, canned food, adult milk supplement, milo, biscuits, etc.)",1,2026-10-03 11:43:31,2026-10-03 11:43:31
110,20,15,Dry basic food supplies,Dry basic food supplies. Please contact centre to confirm acceptance and drop-off arrangements.,1,2026-10-03 11:43:31,2026-10-03 11:43:31
111,21,14,Rice,"Accepted packaged food donations include rice, cooking oil, milk powder, evaporated milk, luncheon meat, canned mushrooms, mee hoon, dry and instant noodles, jam, soy sauce, oyster sauce, chili sauce, tomato sauce, sesame oil, sardines, processed peas, spaghetti, macaroni, biscuits and Milo.",1,2026-10-03 11:43:31,2026-10-03 11:43:31
112,21,13,Cooking oil,"Accepted packaged food donations include rice, cooking oil, milk powder, evaporated milk, luncheon meat, canned mushrooms, mee hoon, dry and instant noodles, jam, soy sauce, oyster sauce, chili sauce, tomato sauce, sesame oil, sardines, processed peas, spaghetti, macaroni, biscuits and Milo.",1,2026-10-03 11:43:31,2026-10-03 11:43:31
113,21,1,Milk powder,"Accepted packaged food donations include rice, cooking oil, milk powder, evaporated milk, luncheon meat, canned mushrooms, mee hoon, dry and instant noodles, jam, soy sauce, oyster sauce, chili sauce, tomato sauce, sesame oil, sardines, processed peas, spaghetti, macaroni, biscuits and Milo.",1,2026-10-03 11:43:31,2026-10-03 11:43:31
114,21,1,Evaporated milk,"Accepted packaged food donations include rice, cooking oil, milk powder, evaporated milk, luncheon meat, canned mushrooms, mee hoon, dry and instant noodles, jam, soy sauce, oyster sauce, chili sauce, tomato sauce, sesame oil, sardines, processed peas, spaghetti, macaroni, biscuits and Milo.",1,2026-10-03 11:43:31,2026-10-03 11:43:31
115,21,2,Luncheon meat,"Accepted packaged food donations include rice, cooking oil, milk powder, evaporated milk, luncheon meat, canned mushrooms, mee hoon, dry and instant noodles, jam, soy sauce, oyster sauce, chili sauce, tomato sauce, sesame oil, sardines, processed peas, spaghetti, macaroni, biscuits and Milo.",1,2026-10-03 11:43:31,2026-10-03 11:43:31
116,21,13,Canned mushrooms,"Accepted packaged food donations include rice, cooking oil, milk powder, evaporated milk, luncheon meat, canned mushrooms, mee hoon, dry and instant noodles, jam, soy sauce, oyster sauce, chili sauce, tomato sauce, sesame oil, sardines, processed peas, spaghetti, macaroni, biscuits and Milo.",1,2026-10-03 11:43:31,2026-10-03 11:43:31
117,21,14,Mee hoon,"Accepted packaged food donations include rice, cooking oil, milk powder, evaporated milk, luncheon meat, canned mushrooms, mee hoon, dry and instant noodles, jam, soy sauce, oyster sauce, chili sauce, tomato sauce, sesame oil, sardines, processed peas, spaghetti, macaroni, biscuits and Milo.",1,2026-10-03 11:43:31,2026-10-03 11:43:31
118,21,14,Dry and instant noodles,"Accepted packaged food donations include rice, cooking oil, milk powder, evaporated milk, luncheon meat, canned mushrooms, mee hoon, dry and instant noodles, jam, soy sauce, oyster sauce, chili sauce, tomato sauce, sesame oil, sardines, processed peas, spaghetti, macaroni, biscuits and Milo.",1,2026-10-03 11:43:31,2026-10-03 11:43:31
119,21,13,Jam,"Accepted packaged food donations include rice, cooking oil, milk powder, evaporated milk, luncheon meat, canned mushrooms, mee hoon, dry and instant noodles, jam, soy sauce, oyster sauce, chili sauce, tomato sauce, sesame oil, sardines, processed peas, spaghetti, macaroni, biscuits and Milo.",1,2026-10-03 11:43:31,2026-10-03 11:43:31
120,21,13,Soy sauce,"Accepted packaged food donations include rice, cooking oil, milk powder, evaporated milk, luncheon meat, canned mushrooms, mee hoon, dry and instant noodles, jam, soy sauce, oyster sauce, chili sauce, tomato sauce, sesame oil, sardines, processed peas, spaghetti, macaroni, biscuits and Milo.",1,2026-10-03 11:43:31,2026-10-03 11:43:31
121,21,13,Oyster sauce,"Accepted packaged food donations include rice, cooking oil, milk powder, evaporated milk, luncheon meat, canned mushrooms, mee hoon, dry and instant noodles, jam, soy sauce, oyster sauce, chili sauce, tomato sauce, sesame oil, sardines, processed peas, spaghetti, macaroni, biscuits and Milo.",1,2026-10-03 11:43:31,2026-10-03 11:43:31
122,21,13,Chili sauce,"Accepted packaged food donations include rice, cooking oil, milk powder, evaporated milk, luncheon meat, canned mushrooms, mee hoon, dry and instant noodles, jam, soy sauce, oyster sauce, chili sauce, tomato sauce, sesame oil, sardines, processed peas, spaghetti, macaroni, biscuits and Milo.",1,2026-10-03 11:43:31,2026-10-03 11:43:31
123,21,13,Tomato sauce,"Accepted packaged food donations include rice, cooking oil, milk powder, evaporated milk, luncheon meat, canned mushrooms, mee hoon, dry and instant noodles, jam, soy sauce, oyster sauce, chili sauce, tomato sauce, sesame oil, sardines, processed peas, spaghetti, macaroni, biscuits and Milo.",1,2026-10-03 11:43:31,2026-10-03 11:43:31
124,21,13,Sesame oil,"Accepted packaged food donations include rice, cooking oil, milk powder, evaporated milk, luncheon meat, canned mushrooms, mee hoon, dry and instant noodles, jam, soy sauce, oyster sauce, chili sauce, tomato sauce, sesame oil, sardines, processed peas, spaghetti, macaroni, biscuits and Milo.",1,2026-10-03 11:43:31,2026-10-03 11:43:31
125,21,13,Sardines,"Accepted packaged food donations include rice, cooking oil, milk powder, evaporated milk, luncheon meat, canned mushrooms, mee hoon, dry and instant noodles, jam, soy sauce, oyster sauce, chili sauce, tomato sauce, sesame oil, sardines, processed peas, spaghetti, macaroni, biscuits and Milo.",1,2026-10-03 11:43:31,2026-10-03 11:43:31
126,21,13,Processed peas,"Accepted packaged food donations include rice, cooking oil, milk powder, evaporated milk, luncheon meat, canned mushrooms, mee hoon, dry and instant noodles, jam, soy sauce, oyster sauce, chili sauce, tomato sauce, sesame oil, sardines, processed peas, spaghetti, macaroni, biscuits and Milo.",1,2026-10-03 11:43:31,2026-10-03 11:43:31
127,21,14,Spaghetti,"Accepted packaged food donations include rice, cooking oil, milk powder, evaporated milk, luncheon meat, canned mushrooms, mee hoon, dry and instant noodles, jam, soy sauce, oyster sauce, chili sauce, tomato sauce, sesame oil, sardines, processed peas, spaghetti, macaroni, biscuits and Milo.",1,2026-10-03 11:43:31,2026-10-03 11:43:31
128,21,14,Macaroni,"Accepted packaged food donations include rice, cooking oil, milk powder, evaporated milk, luncheon meat, canned mushrooms, mee hoon, dry and instant noodles, jam, soy sauce, oyster sauce, chili sauce, tomato sauce, sesame oil, sardines, processed peas, spaghetti, macaroni, biscuits and Milo.",1,2026-10-03 11:43:31,2026-10-03 11:43:31
129,21,6,Biscuits,"Accepted packaged food donations include rice, cooking oil, milk powder, evaporated milk, luncheon meat, canned mushrooms, mee hoon, dry and instant noodles, jam, soy sauce, oyster sauce, chili sauce, tomato sauce, sesame oil, sardines, processed peas, spaghetti, macaroni, biscuits and Milo.",1,2026-10-03 11:43:31,2026-10-03 11:43:31
130,21,7,Milo,"Accepted packaged food donations include rice, cooking oil, milk powder, evaporated milk, luncheon meat, canned mushrooms, mee hoon, dry and instant noodles, jam, soy sauce, oyster sauce, chili sauce, tomato sauce, sesame oil, sardines, processed peas, spaghetti, macaroni, biscuits and Milo.",1,2026-10-03 11:43:31,2026-10-03 11:43:31
131,22,14,Rice,"FOODS - Rice, Cooking Oil, Sugar, Salt, Light Soy Sauce, Thick Soy Sauce, Sesame Oil, Corn Flour, Egg, Onion, Small Onion, Garlic, Potato, Ikan Bilis, Dry Chili, Dry Food (Bee Hoon, Mee), Herbal Soup Ingredient, Shao Hsing Hua Tiao Wine.
BEVERAGE - Milo Powder, Milo 3-In-1, Coffee 3-In-1 / 2-In-1, Omega Milk Powder, Oatmeal, Ribena, Vitagen.",1,2026-10-03 11:43:31,2026-10-03 11:43:31
132,22,13,Cooking oil,"FOODS - Rice, Cooking Oil, Sugar, Salt, Light Soy Sauce, Thick Soy Sauce, Sesame Oil, Corn Flour, Egg, Onion, Small Onion, Garlic, Potato, Ikan Bilis, Dry Chili, Dry Food (Bee Hoon, Mee), Herbal Soup Ingredient, Shao Hsing Hua Tiao Wine.
BEVERAGE - Milo Powder, Milo 3-In-1, Coffee 3-In-1 / 2-In-1, Omega Milk Powder, Oatmeal, Ribena, Vitagen.",1,2026-10-03 11:43:31,2026-10-03 11:43:31
133,22,15,Sugar,"FOODS - Rice, Cooking Oil, Sugar, Salt, Light Soy Sauce, Thick Soy Sauce, Sesame Oil, Corn Flour, Egg, Onion, Small Onion, Garlic, Potato, Ikan Bilis, Dry Chili, Dry Food (Bee Hoon, Mee), Herbal Soup Ingredient, Shao Hsing Hua Tiao Wine.
BEVERAGE - Milo Powder, Milo 3-In-1, Coffee 3-In-1 / 2-In-1, Omega Milk Powder, Oatmeal, Ribena, Vitagen.",1,2026-10-03 11:43:31,2026-10-03 11:43:31
134,22,15,Salt,"FOODS - Rice, Cooking Oil, Sugar, Salt, Light Soy Sauce, Thick Soy Sauce, Sesame Oil, Corn Flour, Egg, Onion, Small Onion, Garlic, Potato, Ikan Bilis, Dry Chili, Dry Food (Bee Hoon, Mee), Herbal Soup Ingredient, Shao Hsing Hua Tiao Wine.
BEVERAGE - Milo Powder, Milo 3-In-1, Coffee 3-In-1 / 2-In-1, Omega Milk Powder, Oatmeal, Ribena, Vitagen.",1,2026-10-03 11:43:31,2026-10-03 11:43:31
135,22,13,Light soy sauce,"FOODS - Rice, Cooking Oil, Sugar, Salt, Light Soy Sauce, Thick Soy Sauce, Sesame Oil, Corn Flour, Egg, Onion, Small Onion, Garlic, Potato, Ikan Bilis, Dry Chili, Dry Food (Bee Hoon, Mee), Herbal Soup Ingredient, Shao Hsing Hua Tiao Wine.
BEVERAGE - Milo Powder, Milo 3-In-1, Coffee 3-In-1 / 2-In-1, Omega Milk Powder, Oatmeal, Ribena, Vitagen.",1,2026-10-03 11:43:31,2026-10-03 11:43:31
136,22,13,Thick soy sauce,"FOODS - Rice, Cooking Oil, Sugar, Salt, Light Soy Sauce, Thick Soy Sauce, Sesame Oil, Corn Flour, Egg, Onion, Small Onion, Garlic, Potato, Ikan Bilis, Dry Chili, Dry Food (Bee Hoon, Mee), Herbal Soup Ingredient, Shao Hsing Hua Tiao Wine.
BEVERAGE - Milo Powder, Milo 3-In-1, Coffee 3-In-1 / 2-In-1, Omega Milk Powder, Oatmeal, Ribena, Vitagen.",1,2026-10-03 11:43:31,2026-10-03 11:43:31
137,22,13,Sesame oil,"FOODS - Rice, Cooking Oil, Sugar, Salt, Light Soy Sauce, Thick Soy Sauce, Sesame Oil, Corn Flour, Egg, Onion, Small Onion, Garlic, Potato, Ikan Bilis, Dry Chili, Dry Food (Bee Hoon, Mee), Herbal Soup Ingredient, Shao Hsing Hua Tiao Wine.
BEVERAGE - Milo Powder, Milo 3-In-1, Coffee 3-In-1 / 2-In-1, Omega Milk Powder, Oatmeal, Ribena, Vitagen.",1,2026-10-03 11:43:31,2026-10-03 11:43:31
138,22,14,Corn flour,"FOODS - Rice, Cooking Oil, Sugar, Salt, Light Soy Sauce, Thick Soy Sauce, Sesame Oil, Corn Flour, Egg, Onion, Small Onion, Garlic, Potato, Ikan Bilis, Dry Chili, Dry Food (Bee Hoon, Mee), Herbal Soup Ingredient, Shao Hsing Hua Tiao Wine.
BEVERAGE - Milo Powder, Milo 3-In-1, Coffee 3-In-1 / 2-In-1, Omega Milk Powder, Oatmeal, Ribena, Vitagen.",1,2026-10-03 11:43:31,2026-10-03 11:43:31
139,22,18,Egg,"FOODS - Rice, Cooking Oil, Sugar, Salt, Light Soy Sauce, Thick Soy Sauce, Sesame Oil, Corn Flour, Egg, Onion, Small Onion, Garlic, Potato, Ikan Bilis, Dry Chili, Dry Food (Bee Hoon, Mee), Herbal Soup Ingredient, Shao Hsing Hua Tiao Wine.
BEVERAGE - Milo Powder, Milo 3-In-1, Coffee 3-In-1 / 2-In-1, Omega Milk Powder, Oatmeal, Ribena, Vitagen.",1,2026-10-03 11:43:31,2026-10-03 11:43:31
140,22,4,Onion,"FOODS - Rice, Cooking Oil, Sugar, Salt, Light Soy Sauce, Thick Soy Sauce, Sesame Oil, Corn Flour, Egg, Onion, Small Onion, Garlic, Potato, Ikan Bilis, Dry Chili, Dry Food (Bee Hoon, Mee), Herbal Soup Ingredient, Shao Hsing Hua Tiao Wine.
BEVERAGE - Milo Powder, Milo 3-In-1, Coffee 3-In-1 / 2-In-1, Omega Milk Powder, Oatmeal, Ribena, Vitagen.",1,2026-10-03 11:43:31,2026-10-03 11:43:31
141,22,4,Small onion,"FOODS - Rice, Cooking Oil, Sugar, Salt, Light Soy Sauce, Thick Soy Sauce, Sesame Oil, Corn Flour, Egg, Onion, Small Onion, Garlic, Potato, Ikan Bilis, Dry Chili, Dry Food (Bee Hoon, Mee), Herbal Soup Ingredient, Shao Hsing Hua Tiao Wine.
BEVERAGE - Milo Powder, Milo 3-In-1, Coffee 3-In-1 / 2-In-1, Omega Milk Powder, Oatmeal, Ribena, Vitagen.",1,2026-10-03 11:43:31,2026-10-03 11:43:31
142,22,4,Garlic,"FOODS - Rice, Cooking Oil, Sugar, Salt, Light Soy Sauce, Thick Soy Sauce, Sesame Oil, Corn Flour, Egg, Onion, Small Onion, Garlic, Potato, Ikan Bilis, Dry Chili, Dry Food (Bee Hoon, Mee), Herbal Soup Ingredient, Shao Hsing Hua Tiao Wine.
BEVERAGE - Milo Powder, Milo 3-In-1, Coffee 3-In-1 / 2-In-1, Omega Milk Powder, Oatmeal, Ribena, Vitagen.",1,2026-10-03 11:43:31,2026-10-03 11:43:31
143,22,4,Potato,"FOODS - Rice, Cooking Oil, Sugar, Salt, Light Soy Sauce, Thick Soy Sauce, Sesame Oil, Corn Flour, Egg, Onion, Small Onion, Garlic, Potato, Ikan Bilis, Dry Chili, Dry Food (Bee Hoon, Mee), Herbal Soup Ingredient, Shao Hsing Hua Tiao Wine.
BEVERAGE - Milo Powder, Milo 3-In-1, Coffee 3-In-1 / 2-In-1, Omega Milk Powder, Oatmeal, Ribena, Vitagen.",1,2026-10-03 11:43:31,2026-10-03 11:43:31
144,22,15,Ikan bilis,"FOODS - Rice, Cooking Oil, Sugar, Salt, Light Soy Sauce, Thick Soy Sauce, Sesame Oil, Corn Flour, Egg, Onion, Small Onion, Garlic, Potato, Ikan Bilis, Dry Chili, Dry Food (Bee Hoon, Mee), Herbal Soup Ingredient, Shao Hsing Hua Tiao Wine.
BEVERAGE - Milo Powder, Milo 3-In-1, Coffee 3-In-1 / 2-In-1, Omega Milk Powder, Oatmeal, Ribena, Vitagen.",1,2026-10-03 11:43:31,2026-10-03 11:43:31
145,22,13,Dry chili,"FOODS - Rice, Cooking Oil, Sugar, Salt, Light Soy Sauce, Thick Soy Sauce, Sesame Oil, Corn Flour, Egg, Onion, Small Onion, Garlic, Potato, Ikan Bilis, Dry Chili, Dry Food (Bee Hoon, Mee), Herbal Soup Ingredient, Shao Hsing Hua Tiao Wine.
BEVERAGE - Milo Powder, Milo 3-In-1, Coffee 3-In-1 / 2-In-1, Omega Milk Powder, Oatmeal, Ribena, Vitagen.",1,2026-10-03 11:43:31,2026-10-03 11:43:31
146,22,14,Bee hoon,"FOODS - Rice, Cooking Oil, Sugar, Salt, Light Soy Sauce, Thick Soy Sauce, Sesame Oil, Corn Flour, Egg, Onion, Small Onion, Garlic, Potato, Ikan Bilis, Dry Chili, Dry Food (Bee Hoon, Mee), Herbal Soup Ingredient, Shao Hsing Hua Tiao Wine.
BEVERAGE - Milo Powder, Milo 3-In-1, Coffee 3-In-1 / 2-In-1, Omega Milk Powder, Oatmeal, Ribena, Vitagen.",1,2026-10-03 11:43:31,2026-10-03 11:43:31
147,22,14,Mee,"FOODS - Rice, Cooking Oil, Sugar, Salt, Light Soy Sauce, Thick Soy Sauce, Sesame Oil, Corn Flour, Egg, Onion, Small Onion, Garlic, Potato, Ikan Bilis, Dry Chili, Dry Food (Bee Hoon, Mee), Herbal Soup Ingredient, Shao Hsing Hua Tiao Wine.
BEVERAGE - Milo Powder, Milo 3-In-1, Coffee 3-In-1 / 2-In-1, Omega Milk Powder, Oatmeal, Ribena, Vitagen.",1,2026-10-03 11:43:31,2026-10-03 11:43:31
148,22,15,Herbal soup ingredient,"FOODS - Rice, Cooking Oil, Sugar, Salt, Light Soy Sauce, Thick Soy Sauce, Sesame Oil, Corn Flour, Egg, Onion, Small Onion, Garlic, Potato, Ikan Bilis, Dry Chili, Dry Food (Bee Hoon, Mee), Herbal Soup Ingredient, Shao Hsing Hua Tiao Wine.
BEVERAGE - Milo Powder, Milo 3-In-1, Coffee 3-In-1 / 2-In-1, Omega Milk Powder, Oatmeal, Ribena, Vitagen.",1,2026-10-03 11:43:31,2026-10-03 11:43:31
149,22,7,Milo powder,"FOODS - Rice, Cooking Oil, Sugar, Salt, Light Soy Sauce, Thick Soy Sauce, Sesame Oil, Corn Flour, Egg, Onion, Small Onion, Garlic, Potato, Ikan Bilis, Dry Chili, Dry Food (Bee Hoon, Mee), Herbal Soup Ingredient, Shao Hsing Hua Tiao Wine.
BEVERAGE - Milo Powder, Milo 3-In-1, Coffee 3-In-1 / 2-In-1, Omega Milk Powder, Oatmeal, Ribena, Vitagen.",1,2026-10-03 11:43:31,2026-10-03 11:43:31
150,22,7,Milo 3-in-1,"FOODS - Rice, Cooking Oil, Sugar, Salt, Light Soy Sauce, Thick Soy Sauce, Sesame Oil, Corn Flour, Egg, Onion, Small Onion, Garlic, Potato, Ikan Bilis, Dry Chili, Dry Food (Bee Hoon, Mee), Herbal Soup Ingredient, Shao Hsing Hua Tiao Wine.
BEVERAGE - Milo Powder, Milo 3-In-1, Coffee 3-In-1 / 2-In-1, Omega Milk Powder, Oatmeal, Ribena, Vitagen.",1,2026-10-03 11:43:31,2026-10-03 11:43:31
151,22,7,Coffee 3-in-1 / 2-in-1,"FOODS - Rice, Cooking Oil, Sugar, Salt, Light Soy Sauce, Thick Soy Sauce, Sesame Oil, Corn Flour, Egg, Onion, Small Onion, Garlic, Potato, Ikan Bilis, Dry Chili, Dry Food (Bee Hoon, Mee), Herbal Soup Ingredient, Shao Hsing Hua Tiao Wine.
BEVERAGE - Milo Powder, Milo 3-In-1, Coffee 3-In-1 / 2-In-1, Omega Milk Powder, Oatmeal, Ribena, Vitagen.",1,2026-10-03 11:43:31,2026-10-03 11:43:31
152,22,1,Omega milk powder,"FOODS - Rice, Cooking Oil, Sugar, Salt, Light Soy Sauce, Thick Soy Sauce, Sesame Oil, Corn Flour, Egg, Onion, Small Onion, Garlic, Potato, Ikan Bilis, Dry Chili, Dry Food (Bee Hoon, Mee), Herbal Soup Ingredient, Shao Hsing Hua Tiao Wine.
BEVERAGE - Milo Powder, Milo 3-In-1, Coffee 3-In-1 / 2-In-1, Omega Milk Powder, Oatmeal, Ribena, Vitagen.",1,2026-10-03 11:43:31,2026-10-03 11:43:31
153,22,14,Oatmeal,"FOODS - Rice, Cooking Oil, Sugar, Salt, Light Soy Sauce, Thick Soy Sauce, Sesame Oil, Corn Flour, Egg, Onion, Small Onion, Garlic, Potato, Ikan Bilis, Dry Chili, Dry Food (Bee Hoon, Mee), Herbal Soup Ingredient, Shao Hsing Hua Tiao Wine.
BEVERAGE - Milo Powder, Milo 3-In-1, Coffee 3-In-1 / 2-In-1, Omega Milk Powder, Oatmeal, Ribena, Vitagen.",1,2026-10-03 11:43:31,2026-10-03 11:43:31
154,22,7,Ribena,"FOODS - Rice, Cooking Oil, Sugar, Salt, Light Soy Sauce, Thick Soy Sauce, Sesame Oil, Corn Flour, Egg, Onion, Small Onion, Garlic, Potato, Ikan Bilis, Dry Chili, Dry Food (Bee Hoon, Mee), Herbal Soup Ingredient, Shao Hsing Hua Tiao Wine.
BEVERAGE - Milo Powder, Milo 3-In-1, Coffee 3-In-1 / 2-In-1, Omega Milk Powder, Oatmeal, Ribena, Vitagen.",1,2026-10-03 11:43:31,2026-10-03 11:43:31
155,22,1,Vitagen,"FOODS - Rice, Cooking Oil, Sugar, Salt, Light Soy Sauce, Thick Soy Sauce, Sesame Oil, Corn Flour, Egg, Onion, Small Onion, Garlic, Potato, Ikan Bilis, Dry Chili, Dry Food (Bee Hoon, Mee), Herbal Soup Ingredient, Shao Hsing Hua Tiao Wine.
BEVERAGE - Milo Powder, Milo 3-In-1, Coffee 3-In-1 / 2-In-1, Omega Milk Powder, Oatmeal, Ribena, Vitagen.",1,2026-10-03 11:43:31,2026-10-03 11:43:31
156,23,14,Rice,"FOODS - Rice, Cooking Oil, Sugar, Salt, Light Soy Sauce, Thick Soy Sauce, Sesame Oil, Corn Flour, Egg, Onion, Small Onion, Garlic, Potato, Ikan Bilis, Dry Chili, Dry Food (Bee Hoon, Mee), Herbal Soup Ingredient, Shao Hsing Hua Tiao Wine.
BEVERAGE - Milo Powder, Milo 3-In-1, Coffee 3-In-1 / 2-In-1, Omega Milk Powder, Oatmeal, Ribena, Vitagen.",1,2026-10-03 11:43:31,2026-10-03 11:43:31
157,23,13,Cooking oil,"FOODS - Rice, Cooking Oil, Sugar, Salt, Light Soy Sauce, Thick Soy Sauce, Sesame Oil, Corn Flour, Egg, Onion, Small Onion, Garlic, Potato, Ikan Bilis, Dry Chili, Dry Food (Bee Hoon, Mee), Herbal Soup Ingredient, Shao Hsing Hua Tiao Wine.
BEVERAGE - Milo Powder, Milo 3-In-1, Coffee 3-In-1 / 2-In-1, Omega Milk Powder, Oatmeal, Ribena, Vitagen.",1,2026-10-03 11:43:31,2026-10-03 11:43:31
158,23,15,Sugar,"FOODS - Rice, Cooking Oil, Sugar, Salt, Light Soy Sauce, Thick Soy Sauce, Sesame Oil, Corn Flour, Egg, Onion, Small Onion, Garlic, Potato, Ikan Bilis, Dry Chili, Dry Food (Bee Hoon, Mee), Herbal Soup Ingredient, Shao Hsing Hua Tiao Wine.
BEVERAGE - Milo Powder, Milo 3-In-1, Coffee 3-In-1 / 2-In-1, Omega Milk Powder, Oatmeal, Ribena, Vitagen.",1,2026-10-03 11:43:31,2026-10-03 11:43:31
159,23,15,Salt,"FOODS - Rice, Cooking Oil, Sugar, Salt, Light Soy Sauce, Thick Soy Sauce, Sesame Oil, Corn Flour, Egg, Onion, Small Onion, Garlic, Potato, Ikan Bilis, Dry Chili, Dry Food (Bee Hoon, Mee), Herbal Soup Ingredient, Shao Hsing Hua Tiao Wine.
BEVERAGE - Milo Powder, Milo 3-In-1, Coffee 3-In-1 / 2-In-1, Omega Milk Powder, Oatmeal, Ribena, Vitagen.",1,2026-10-03 11:43:31,2026-10-03 11:43:31
160,23,13,Light soy sauce,"FOODS - Rice, Cooking Oil, Sugar, Salt, Light Soy Sauce, Thick Soy Sauce, Sesame Oil, Corn Flour, Egg, Onion, Small Onion, Garlic, Potato, Ikan Bilis, Dry Chili, Dry Food (Bee Hoon, Mee), Herbal Soup Ingredient, Shao Hsing Hua Tiao Wine.
BEVERAGE - Milo Powder, Milo 3-In-1, Coffee 3-In-1 / 2-In-1, Omega Milk Powder, Oatmeal, Ribena, Vitagen.",1,2026-10-03 11:43:31,2026-10-03 11:43:31
161,23,13,Thick soy sauce,"FOODS - Rice, Cooking Oil, Sugar, Salt, Light Soy Sauce, Thick Soy Sauce, Sesame Oil, Corn Flour, Egg, Onion, Small Onion, Garlic, Potato, Ikan Bilis, Dry Chili, Dry Food (Bee Hoon, Mee), Herbal Soup Ingredient, Shao Hsing Hua Tiao Wine.
BEVERAGE - Milo Powder, Milo 3-In-1, Coffee 3-In-1 / 2-In-1, Omega Milk Powder, Oatmeal, Ribena, Vitagen.",1,2026-10-03 11:43:31,2026-10-03 11:43:31
162,23,13,Sesame oil,"FOODS - Rice, Cooking Oil, Sugar, Salt, Light Soy Sauce, Thick Soy Sauce, Sesame Oil, Corn Flour, Egg, Onion, Small Onion, Garlic, Potato, Ikan Bilis, Dry Chili, Dry Food (Bee Hoon, Mee), Herbal Soup Ingredient, Shao Hsing Hua Tiao Wine.
BEVERAGE - Milo Powder, Milo 3-In-1, Coffee 3-In-1 / 2-In-1, Omega Milk Powder, Oatmeal, Ribena, Vitagen.",1,2026-10-03 11:43:31,2026-10-03 11:43:31
163,23,14,Corn flour,"FOODS - Rice, Cooking Oil, Sugar, Salt, Light Soy Sauce, Thick Soy Sauce, Sesame Oil, Corn Flour, Egg, Onion, Small Onion, Garlic, Potato, Ikan Bilis, Dry Chili, Dry Food (Bee Hoon, Mee), Herbal Soup Ingredient, Shao Hsing Hua Tiao Wine.
BEVERAGE - Milo Powder, Milo 3-In-1, Coffee 3-In-1 / 2-In-1, Omega Milk Powder, Oatmeal, Ribena, Vitagen.",1,2026-10-03 11:43:31,2026-10-03 11:43:31
164,23,18,Egg,"FOODS - Rice, Cooking Oil, Sugar, Salt, Light Soy Sauce, Thick Soy Sauce, Sesame Oil, Corn Flour, Egg, Onion, Small Onion, Garlic, Potato, Ikan Bilis, Dry Chili, Dry Food (Bee Hoon, Mee), Herbal Soup Ingredient, Shao Hsing Hua Tiao Wine.
BEVERAGE - Milo Powder, Milo 3-In-1, Coffee 3-In-1 / 2-In-1, Omega Milk Powder, Oatmeal, Ribena, Vitagen.",1,2026-10-03 11:43:31,2026-10-03 11:43:31
165,23,4,Onion,"FOODS - Rice, Cooking Oil, Sugar, Salt, Light Soy Sauce, Thick Soy Sauce, Sesame Oil, Corn Flour, Egg, Onion, Small Onion, Garlic, Potato, Ikan Bilis, Dry Chili, Dry Food (Bee Hoon, Mee), Herbal Soup Ingredient, Shao Hsing Hua Tiao Wine.
BEVERAGE - Milo Powder, Milo 3-In-1, Coffee 3-In-1 / 2-In-1, Omega Milk Powder, Oatmeal, Ribena, Vitagen.",1,2026-10-03 11:43:31,2026-10-03 11:43:31
166,23,4,Small onion,"FOODS - Rice, Cooking Oil, Sugar, Salt, Light Soy Sauce, Thick Soy Sauce, Sesame Oil, Corn Flour, Egg, Onion, Small Onion, Garlic, Potato, Ikan Bilis, Dry Chili, Dry Food (Bee Hoon, Mee), Herbal Soup Ingredient, Shao Hsing Hua Tiao Wine.
BEVERAGE - Milo Powder, Milo 3-In-1, Coffee 3-In-1 / 2-In-1, Omega Milk Powder, Oatmeal, Ribena, Vitagen.",1,2026-10-03 11:43:31,2026-10-03 11:43:31
167,23,4,Garlic,"FOODS - Rice, Cooking Oil, Sugar, Salt, Light Soy Sauce, Thick Soy Sauce, Sesame Oil, Corn Flour, Egg, Onion, Small Onion, Garlic, Potato, Ikan Bilis, Dry Chili, Dry Food (Bee Hoon, Mee), Herbal Soup Ingredient, Shao Hsing Hua Tiao Wine.
BEVERAGE - Milo Powder, Milo 3-In-1, Coffee 3-In-1 / 2-In-1, Omega Milk Powder, Oatmeal, Ribena, Vitagen.",1,2026-10-03 11:43:31,2026-10-03 11:43:31
168,23,4,Potato,"FOODS - Rice, Cooking Oil, Sugar, Salt, Light Soy Sauce, Thick Soy Sauce, Sesame Oil, Corn Flour, Egg, Onion, Small Onion, Garlic, Potato, Ikan Bilis, Dry Chili, Dry Food (Bee Hoon, Mee), Herbal Soup Ingredient, Shao Hsing Hua Tiao Wine.
BEVERAGE - Milo Powder, Milo 3-In-1, Coffee 3-In-1 / 2-In-1, Omega Milk Powder, Oatmeal, Ribena, Vitagen.",1,2026-10-03 11:43:31,2026-10-03 11:43:31
169,23,15,Ikan bilis,"FOODS - Rice, Cooking Oil, Sugar, Salt, Light Soy Sauce, Thick Soy Sauce, Sesame Oil, Corn Flour, Egg, Onion, Small Onion, Garlic, Potato, Ikan Bilis, Dry Chili, Dry Food (Bee Hoon, Mee), Herbal Soup Ingredient, Shao Hsing Hua Tiao Wine.
BEVERAGE - Milo Powder, Milo 3-In-1, Coffee 3-In-1 / 2-In-1, Omega Milk Powder, Oatmeal, Ribena, Vitagen.",1,2026-10-03 11:43:31,2026-10-03 11:43:31
170,23,13,Dry chili,"FOODS - Rice, Cooking Oil, Sugar, Salt, Light Soy Sauce, Thick Soy Sauce, Sesame Oil, Corn Flour, Egg, Onion, Small Onion, Garlic, Potato, Ikan Bilis, Dry Chili, Dry Food (Bee Hoon, Mee), Herbal Soup Ingredient, Shao Hsing Hua Tiao Wine.
BEVERAGE - Milo Powder, Milo 3-In-1, Coffee 3-In-1 / 2-In-1, Omega Milk Powder, Oatmeal, Ribena, Vitagen.",1,2026-10-03 11:43:31,2026-10-03 11:43:31
171,23,14,Bee hoon,"FOODS - Rice, Cooking Oil, Sugar, Salt, Light Soy Sauce, Thick Soy Sauce, Sesame Oil, Corn Flour, Egg, Onion, Small Onion, Garlic, Potato, Ikan Bilis, Dry Chili, Dry Food (Bee Hoon, Mee), Herbal Soup Ingredient, Shao Hsing Hua Tiao Wine.
BEVERAGE - Milo Powder, Milo 3-In-1, Coffee 3-In-1 / 2-In-1, Omega Milk Powder, Oatmeal, Ribena, Vitagen.",1,2026-10-03 11:43:31,2026-10-03 11:43:31
172,23,14,Mee,"FOODS - Rice, Cooking Oil, Sugar, Salt, Light Soy Sauce, Thick Soy Sauce, Sesame Oil, Corn Flour, Egg, Onion, Small Onion, Garlic, Potato, Ikan Bilis, Dry Chili, Dry Food (Bee Hoon, Mee), Herbal Soup Ingredient, Shao Hsing Hua Tiao Wine.
BEVERAGE - Milo Powder, Milo 3-In-1, Coffee 3-In-1 / 2-In-1, Omega Milk Powder, Oatmeal, Ribena, Vitagen.",1,2026-10-03 11:43:31,2026-10-03 11:43:31
173,23,15,Herbal soup ingredient,"FOODS - Rice, Cooking Oil, Sugar, Salt, Light Soy Sauce, Thick Soy Sauce, Sesame Oil, Corn Flour, Egg, Onion, Small Onion, Garlic, Potato, Ikan Bilis, Dry Chili, Dry Food (Bee Hoon, Mee), Herbal Soup Ingredient, Shao Hsing Hua Tiao Wine.
BEVERAGE - Milo Powder, Milo 3-In-1, Coffee 3-In-1 / 2-In-1, Omega Milk Powder, Oatmeal, Ribena, Vitagen.",1,2026-10-03 11:43:31,2026-10-03 11:43:31
174,23,7,Milo powder,"FOODS - Rice, Cooking Oil, Sugar, Salt, Light Soy Sauce, Thick Soy Sauce, Sesame Oil, Corn Flour, Egg, Onion, Small Onion, Garlic, Potato, Ikan Bilis, Dry Chili, Dry Food (Bee Hoon, Mee), Herbal Soup Ingredient, Shao Hsing Hua Tiao Wine.
BEVERAGE - Milo Powder, Milo 3-In-1, Coffee 3-In-1 / 2-In-1, Omega Milk Powder, Oatmeal, Ribena, Vitagen.",1,2026-10-03 11:43:31,2026-10-03 11:43:31
175,23,7,Milo 3-in-1,"FOODS - Rice, Cooking Oil, Sugar, Salt, Light Soy Sauce, Thick Soy Sauce, Sesame Oil, Corn Flour, Egg, Onion, Small Onion, Garlic, Potato, Ikan Bilis, Dry Chili, Dry Food (Bee Hoon, Mee), Herbal Soup Ingredient, Shao Hsing Hua Tiao Wine.
BEVERAGE - Milo Powder, Milo 3-In-1, Coffee 3-In-1 / 2-In-1, Omega Milk Powder, Oatmeal, Ribena, Vitagen.",1,2026-10-03 11:43:31,2026-10-03 11:43:31
176,23,7,Coffee 3-in-1 / 2-in-1,"FOODS - Rice, Cooking Oil, Sugar, Salt, Light Soy Sauce, Thick Soy Sauce, Sesame Oil, Corn Flour, Egg, Onion, Small Onion, Garlic, Potato, Ikan Bilis, Dry Chili, Dry Food (Bee Hoon, Mee), Herbal Soup Ingredient, Shao Hsing Hua Tiao Wine.
BEVERAGE - Milo Powder, Milo 3-In-1, Coffee 3-In-1 / 2-In-1, Omega Milk Powder, Oatmeal, Ribena, Vitagen.",1,2026-10-03 11:43:31,2026-10-03 11:43:31
177,23,1,Omega milk powder,"FOODS - Rice, Cooking Oil, Sugar, Salt, Light Soy Sauce, Thick Soy Sauce, Sesame Oil, Corn Flour, Egg, Onion, Small Onion, Garlic, Potato, Ikan Bilis, Dry Chili, Dry Food (Bee Hoon, Mee), Herbal Soup Ingredient, Shao Hsing Hua Tiao Wine.
BEVERAGE - Milo Powder, Milo 3-In-1, Coffee 3-In-1 / 2-In-1, Omega Milk Powder, Oatmeal, Ribena, Vitagen.",1,2026-10-03 11:43:31,2026-10-03 11:43:31
178,23,14,Oatmeal,"FOODS - Rice, Cooking Oil, Sugar, Salt, Light Soy Sauce, Thick Soy Sauce, Sesame Oil, Corn Flour, Egg, Onion, Small Onion, Garlic, Potato, Ikan Bilis, Dry Chili, Dry Food (Bee Hoon, Mee), Herbal Soup Ingredient, Shao Hsing Hua Tiao Wine.
BEVERAGE - Milo Powder, Milo 3-In-1, Coffee 3-In-1 / 2-In-1, Omega Milk Powder, Oatmeal, Ribena, Vitagen.",1,2026-10-03 11:43:31,2026-10-03 11:43:31
179,23,7,Ribena,"FOODS - Rice, Cooking Oil, Sugar, Salt, Light Soy Sauce, Thick Soy Sauce, Sesame Oil, Corn Flour, Egg, Onion, Small Onion, Garlic, Potato, Ikan Bilis, Dry Chili, Dry Food (Bee Hoon, Mee), Herbal Soup Ingredient, Shao Hsing Hua Tiao Wine.
BEVERAGE - Milo Powder, Milo 3-In-1, Coffee 3-In-1 / 2-In-1, Omega Milk Powder, Oatmeal, Ribena, Vitagen.",1,2026-10-03 11:43:31,2026-10-03 11:43:31
180,23,1,Vitagen,"FOODS - Rice, Cooking Oil, Sugar, Salt, Light Soy Sauce, Thick Soy Sauce, Sesame Oil, Corn Flour, Egg, Onion, Small Onion, Garlic, Potato, Ikan Bilis, Dry Chili, Dry Food (Bee Hoon, Mee), Herbal Soup Ingredient, Shao Hsing Hua Tiao Wine.
BEVERAGE - Milo Powder, Milo 3-In-1, Coffee 3-In-1 / 2-In-1, Omega Milk Powder, Oatmeal, Ribena, Vitagen.",1,2026-10-03 11:43:31,2026-10-03 11:43:31
181,24,14,Rice,"The center receives donations of essential items such as rice, biscuits, flour, sugar, milk, and Milo.",1,2026-10-03 11:43:31,2026-10-03 11:43:31
182,24,6,Biscuits,"The center receives donations of essential items such as rice, biscuits, flour, sugar, milk, and Milo.",1,2026-10-03 11:43:31,2026-10-03 11:43:31
183,24,14,Flour,"The center receives donations of essential items such as rice, biscuits, flour, sugar, milk, and Milo.",1,2026-10-03 11:43:31,2026-10-03 11:43:31
184,24,15,Sugar,"The center receives donations of essential items such as rice, biscuits, flour, sugar, milk, and Milo.",1,2026-10-03 11:43:31,2026-10-03 11:43:31
185,24,1,Milk,"The center receives donations of essential items such as rice, biscuits, flour, sugar, milk, and Milo.",1,2026-10-03 11:43:31,2026-10-03 11:43:31
186,24,7,Milo,"The center receives donations of essential items such as rice, biscuits, flour, sugar, milk, and Milo.",1,2026-10-03 11:43:31,2026-10-03 11:43:31
187,26,15,Dry food,Accepts dry food donations from the public. Contact PWZ USIM to confirm current donation arrangements before drop-off.,1,2026-10-03 11:43:31,2026-10-03 11:43:31
188,27,15,Dry packaged food,"Accepted packaged food donations include dry, packaged and canned food and beverages.",1,2026-10-03 11:43:31,2026-10-03 11:43:31
189,27,13,Canned food,"Accepted packaged food donations include dry, packaged and canned food and beverages.",1,2026-10-03 11:43:31,2026-10-03 11:43:31
190,27,7,Packaged beverages,"Accepted packaged food donations include dry, packaged and canned food and beverages.",1,2026-10-03 11:43:31,2026-10-03 11:43:31
