centre_id,name,organisation_type,description,donation_requirements,address_line1,city,state,postcode,latitude,longitude,phone,email,website_url,operating_hours,is_active,verification_source_url,created_at,updated_at
1,Muar Food Bank,FOOD_BANK,"Muar Food Bank is a non-profit organization or a charitable platform
that collects food and items from the public and distribute them to the needy.","Canned food, packaged beverages and packaged food are listed as preferred. ","No. 5 (Ground Floor), Jalan Indah Permai, Taman Indah, Jalan Parit Setongkat Darat 84000 Muar Johor.",Muar,Johor,84000,2.0683822,102.5852908,+60126824222,info@food-bank.my,https://www.food-bank.my/,"Monday - Saturday, 10 AM – 12 PM",1,https://www.food-bank.my/landing-en/,2026-10-02 19:45:30,2026-10-02 19:45:30
2,Box of Hope - Village Grocer MyTOWN,PANTRY_DROP_OFF,"The Box of Hope initiative aims to help the B40 community in Selangor, Kuala Lumpur, and Putrajaya with basic food necessities provision. It is a part of Sesama Mara - Air Selangor’s Corporate Social Responsibility (CSR) Programme.","Currently, the Box of Hope initiative only accepts basic food necessities such as rice, flour, canned food, cooking oil and others.","Lot No. B1-AT- 003, Basement 1 Level, MyTOWN Shopping Centre, No. 2B, Jalan Cochrane, Seksyen 90, 55100 Kuala Lumpur.",Kuala Lumpur,Kuala Lumpur,55100,3.1350106,101.7227205,+60392266176,,https://www.airselangor.com/boxofhope,"Monday - Sunday, 10 AM – 10 PM",1,https://hydrohub.airselangor.com/visual/drop-off-basic-food-items-or-donate-online-support-b40-families-through-box-of-hope-x-village-grocer-%F0%9F%9B%92%F0%9F%93%A6/,2026-10-02 19:45:30,2026-10-02 19:45:30
3,Box of Hope - Village Grocer Melawati Mall,PANTRY_DROP_OFF,"The Box of Hope initiative aims to help the B40 community in Selangor, Kuala Lumpur, and Putrajaya with basic food necessities provision. It is a part of Sesama Mara - Air Selangor’s Corporate Social Responsibility (CSR) Programme.","Currently, the Box of Hope initiative only accepts basic food necessities such as rice, flour, canned food, cooking oil and others.","LG – 01 & 29, Melawati Mall, Jalan Sabah, Taman Melawati, 53100 Ampang, Kuala Lumpur, Malaysia.",Ampang,Kuala Lumpur,53100,3.2118256,101.7489252,+60341622808,,https://www.airselangor.com/boxofhope,"Monday - Sunday, 10 AM – 10 PM",1,https://hydrohub.airselangor.com/visual/drop-off-basic-food-items-or-donate-online-support-b40-families-through-box-of-hope-x-village-grocer-%F0%9F%9B%92%F0%9F%93%A6/,2026-10-02 19:45:30,2026-10-02 19:45:30
4,Box of Hope - Village Grocer Central i-City,PANTRY_DROP_OFF,"The Box of Hope initiative aims to help the B40 community in Selangor, Kuala Lumpur, and Putrajaya with basic food necessities provision. It is a part of Sesama Mara - Air Selangor’s Corporate Social Responsibility (CSR) Programme.","Currently, the Box of Hope initiative only accepts basic food necessities such as rice, flour, canned food, cooking oil and others.","Lot LG-01, Central i-City, No. 1, I-City, Persiaran Multimedia, Seksyen 7, 40000 Shah Alam, Selangor.",Shah Alam,Selangor,40000,3.0624966,101.4817515,+60355247727,,https://www.airselangor.com/boxofhope,"Monday - Sunday, 10 AM – 10 PM",1,https://hydrohub.airselangor.com/visual/drop-off-basic-food-items-or-donate-online-support-b40-families-through-box-of-hope-x-village-grocer-%F0%9F%9B%92%F0%9F%93%A6/,2026-10-02 19:45:30,2026-10-02 19:45:30
5,Box of Hope - Village Grocer Tamarind Square,PANTRY_DROP_OFF,"The Box of Hope initiative aims to help the B40 community in Selangor, Kuala Lumpur, and Putrajaya with basic food necessities provision. It is a part of Sesama Mara - Air Selangor’s Corporate Social Responsibility (CSR) Programme.","Currently, the Box of Hope initiative only accepts basic food necessities such as rice, flour, canned food, cooking oil and others.","B-02-03, Tamarind Square, Persiaran Multimedia, Cyber 10, 63000 Cyberjaya, Selangor Darul Ehsan.",Cyberjaya,Selangor,63000,2.9198335,101.6372395,+60327262466,,https://www.airselangor.com/boxofhope,"Monday - Sunday, 10 AM – 10 PM",1,https://hydrohub.airselangor.com/visual/drop-off-basic-food-items-or-donate-online-support-b40-families-through-box-of-hope-x-village-grocer-%F0%9F%9B%92%F0%9F%93%A6/,2026-10-02 19:45:30,2026-10-02 19:45:30
6,Food Aid Foundation (contact before drop-off),FOOD_BANK,"Food Aid Foundation is a non-profit governmental organization (NGO) that is a food bank in Malaysia where manufacturers, distributors, wholesaler, retailers, companies or people can  donate their unused or untouched food which is still edible by human that will then be collected and distributed to charitable/welfare homes, volunteer welfare organisation, poor families, destitute and soup kitchen.","Food that has lost its commercial value such as close-to-expiry stock, off-spec products, incorrect labelling, damaged packaging, discontinued items, promotional samples, recipe variations, excess inventory, or customer returns, as long as the food is still safe for consumption, you can donate it. Contact the food bank before donation. ","No. 9 Jalan 7/118B,
Desa Tun Razak, Cheras,
​56000 Kuala Lumpur, Malaysia",Kuala Lumpur,Kuala Lumpur,56000,3.0782550,101.7198495,+60392265500,info@foodaidfoundation.org,https://foodaidfoundation.org/,"Monday - Friday, 9 AM - 5 PM; Saturday, 9 AM - 1 PM; Closed on Sunday & public holiday",1,https://foodaidfoundation.org/contact/,2026-10-02 19:45:30,2026-10-02 19:45:30
7,Kechara Soup Kitchen Setapak,NGO,Official Kechara operations hub. Organisation accepts individual dry food.,"Biscuits, canned goods (baked beans and sardines), a chocolate-based drink, cooking oil, dry/instant noodles, milk powder, oats, and rice. Contents may vary depending on available donations and are tailored to meet nutritional and cultural needs. Contact before donation.","10, Jln Seri Rejang 3, Setapak Jaya, 53300 Kuala Lumpur, Wilayah Persekutuan Kuala Lumpur",Kuala Lumpur,Kuala Lumpur,53300,3.1955657,101.7269612,+60126150260,,https://www.kecharasoupkitchen.com/food-bank/,"Monday - Saturday, 10 AM - 6 PM; Closed on Sunday & public holiday",1,https://www.kecharasoupkitchen.com/food-bank/,2026-10-02 19:45:30,2026-10-02 19:45:30
8,Kechara Soup Kitchen Imbi,NGO,Official Kechara operations hub. Organisation accepts individual dry food.,"Biscuits, canned goods (baked beans and sardines), a chocolate-based drink, cooking oil, dry/instant noodles, milk powder, oats, and rice. Contents may vary depending on available donations and are tailored to meet nutritional and cultural needs. Contact before donation.","17, Jalan Barat, Imbi, 55100 Kuala Lumpur, Wilayah Persekutuan Kuala Lumpur",Kuala Lumpur,Kuala Lumpur,55100,3.1453606,101.7153530,+60126150260,,https://www.kecharasoupkitchen.com/soup-kitchen/,"Monday - Friday, 10 AM - 6 PM; Saturday, 2 PM - 10 PM; Closed on Sunday & public holiday",1,https://www.kecharasoupkitchen.com/operation-hubs/,2026-10-02 19:45:30,2026-10-02 19:45:30
9,Kechara Soup Kitchen Penang,NGO,Official Kechara operations hub. Organisation accepts individual dry food.,"Biscuits, canned goods (baked beans and sardines), a chocolate-based drink, cooking oil, dry/instant noodles, milk powder, oats, and rice. Contents may vary depending on available donations and are tailored to meet nutritional and cultural needs. Contact before donation.","56 & 58, Lorong Carnarvon, George Town, 10100 George Town, Pulau Pinang",George Town,Pulau Pinang,10100,5.4140352,100.3356330,+60126150260,,https://www.kecharasoupkitchen.com/soup-kitchen/,"Monday - Friday, 10 AM - 1 PM, 2 PM - 5:30 PM; Saturday, 10 AM - 4 PM; Closed on Sunday & public holiday",1,https://www.kecharasoupkitchen.com/operation-hubs/,2026-10-02 19:45:30,2026-10-02 19:45:30
10,Kechara Soup Kitchen Ipoh,NGO,Official Kechara operations hub. Organisation accepts individual dry food.,"Biscuits, canned goods (baked beans and sardines), a chocolate-based drink, cooking oil, dry/instant noodles, milk powder, oats, and rice. Contents may vary depending on available donations and are tailored to meet nutritional and cultural needs. Contact before donation.","15, Medan Bendahara 2, Taman Taiping, 31650 Ipoh, Perak",Ipoh,Perak,31650,4.5850379,101.0799734,+60126150260,,https://www.kecharasoupkitchen.com/soup-kitchen/,"Monday - Friday, 10 AM - 1 PM, 2 PM - 5:30 PM; Saturday, 2 PM - 10 PM; Closed on Sunday & public holiday",1,https://www.kecharasoupkitchen.com/operation-hubs/,2026-10-02 19:45:30,2026-10-02 19:45:30
11,Kechara Soup Kitchen Bentong,NGO,Official Kechara operations hub. Organisation accepts individual dry food.,"Biscuits, canned goods (baked beans and sardines), a chocolate-based drink, cooking oil, dry/instant noodles, milk powder, oats, and rice. Contents may vary depending on available donations and are tailored to meet nutritional and cultural needs. Contact before donation.","No. P6, Pusat Perniagaan Repas Point, 28700 Bentong, Pahang",Bentong,Pahang,28700,3.5563544,101.8940586,+60126150260,,https://www.kecharasoupkitchen.com/soup-kitchen/,Contact for drop-off hours,1,https://www.kecharasoupkitchen.com/operation-hubs/,2026-10-02 19:45:30,2026-10-02 19:45:30
12,Kechara Soup Kitchen Melaka,NGO,Official Kechara operations hub. Organisation accepts individual dry food.,"Biscuits, canned goods (baked beans and sardines), a chocolate-based drink, cooking oil, dry/instant noodles, milk powder, oats, and rice. Contents may vary depending on available donations and are tailored to meet nutritional and cultural needs. Contact before donation.","G-080, Grd Floor, Terminal Pahlawan, Jln Merdeka, Banda Hilir, 75000 Malacca",Melaka,Melaka,75000,2.1876031,102.2521938,+60126150260,,https://www.kecharasoupkitchen.com/soup-kitchen/,Contact for drop-off hours,1,https://www.kecharasoupkitchen.com/operation-hubs/,2026-10-02 19:45:30,2026-10-02 19:45:30
13,Food Bank Masjid UMS,FOOD_BANK,"The UMS Islamic Center now opens the opportunity for all university residents and ordinary people to donate to the UMS Mosque Food Bank. This initiative aims to ease the burden of UMS residents, especially asnaf students who are in need.","Dry Food: Instant food, oats, biscuits. Canned Food. Instant Drinks: 3-in-1, tea, coffee. Snacks: Chocolate, bread, light snacks.","Jalan UMS, 88400 Kota Kinabalu, Sabah",Kota Kinabalu,Sabah,88400,6.0381706,116.1253523,"+60149126809; 
+6088320624",,https://www.ums.edu.my/v6/index.php/ms/pengumuman/pelawaan-sumbangan-infak-food-bank-masjid-ums,"Monday - Sunday, 4 AM – 11 PM",1,https://www.ums.edu.my/v6/index.php/ms/pengumuman/pelawaan-sumbangan-infak-food-bank-masjid-ums,2026-10-02 19:45:30,2026-10-02 19:45:30
14,Philea Home,CARE_HOME,"Philea Home is a Children’s Home that provides suitable environment, support and upbringing for childrens who have been homeless, abused physically, spiritually and emotionally. Collection of food for poor families, especially families of single mums in Kapar, Klang. The home is registered with the State Welfare Department in Klang.","Basic food supplies with package: rice, sugar, sardines, wheat flour, biscuits, milk powder, cooking oil and bee hoon, milk powder, Milo. Food items that could be stored. ","6, 8, Jalan Harapan 5c/Ku7, Sungai Kapar Indah, 42200 Kapar, Selangor",Kapar,Selangor,42200,3.0985080,101.3734089,"+60332902830;
+60123423072",,https://www.hati.my/philea-home/,Contact for opening hours,1,https://www.facebook.com/PhileaHome/,2026-10-02 19:45:30,2026-10-02 19:45:30
15,Living Hope,NGO,"Founded by Dr. Peggy C. Wong, Living Hope is an organisation dedicated to be the voice for the unheard cries of the poor, needy and marginalized children living in Malaysia and internationally.",Dry /preserved /grocery food items,"No. 65A, Jalan SS 21/37, Damansara Utama, 47400 Petaling Jaya",Petaling Jaya,Selangor,47400,3.1355571,101.6236660,"+60126527720;
+601116200720",info@livinghopeglobal.org,https://www.hati.my/living-hope/,Contact for opening hours,1,https://livinghopeglobal.org/contact-us/,2026-10-02 19:45:30,2026-10-02 19:45:30
16,Society of Families of Person with Learning Difficulties (PERKOBP),NGO,"PERKOBP is a Malaysian non-profit organisation founded by parents to support persons with learning difficulties and their families. For over three decades, PERKOBP has delivered vocational training, sheltered workshop opportunities, social programmes, and advocacy intended to promote dignity, independence and community inclusion.","Package foods: Rice, Cooking oil, Sugar (Coarse), Milk Powder, Condensed Milk, Boh Tea Powder, Coffee Powder, Milo, Biscuits, Canned Food such as Sardines, Baked beans, etc.","112, Jalan Tempinis, Kampung Tengah, 47100 Puchong, Selangor",Puchong,Selangor,47100,3.0157768,101.5844340,"+60380900339;
+60128090396",contact@perkobp.my,https://www.hati.my/society-of-families-of-persons-with-learning-difficulties-perkobp/,"Monday - Friday, 10 AM – 3 PM; Closed on Saturday & Sunday",1,https://perkobp.my,2026-10-02 19:45:30,2026-10-02 19:45:30
17,Assunta Integrated Social Services (ASSISS),NGO,"Assunta Hospital has established a culture and legacy of community service since 1961. Starting with free clinics to underprivileged populations, the hospital has since restructured their community service initiative with the establishment of Assunta Integrated Social Services (ASSISS), which encompasses: Assunta Mobile Clinic, Pastoral Care, Social Welfare Program, ASSISS Palliative Services, ASSISS Wound Care Services, ASSISS Geriatic Enrichment Services, ASSISS Wound Care Services","Non-perishable foods (e.g. rice, canned food, adult milk supplement, milo, biscuits, etc.)","Jalan Templer, Pjs 4, 46990 Petaling Jaya, Selangor",Petaling Jaya,Selangor,46990,3.0935455,101.6459152,+60378723000,enquiries@assunta.com.my,https://www.hati.my/assunta-integrated-social-services-assiss/,"Monday - Sunday, Open 24 hours",1,https://assunta.com.my/about/assiss/,2026-10-02 19:45:30,2026-10-02 19:45:30
18,Rumah Amal Kulim,CARE_HOME,Rumah Amal Kulim was set up in 1983 to cater to the needs of special children.,Food donations are accepted. Contact the organisation directly to confirm accepted food items and donation arrangements.,"No. 7A, Jalan Bukit, Kampung Bukit Awi, 09000 Kulim, Kedah",Kulim,Kedah,09000,5.3623063,100.5503405,+60194127347,rumahamalkulim@ymail.com,https://www.hati.my/rumah-amal-kulim/,"Sunday - Thursday, 8 AM – 5 PM; Closed on Friday & Saturday ",1,https://www.facebook.com/rumahamal.kulim?mibextid=LQQJ4d,2026-10-02 19:45:30,2026-10-02 19:45:30
19,Shan Children’s Home,CARE_HOME,"Shan Children's Home came into existence on the 1st of July 2005. It is a home for children from poor or homes where their health, educational and emotional needs are not met.",Welcomes donations in kind and requests groceries. Please contact centre to confirm acceptance and drop-off arrangements.,"113 Tingkat Kikik 6 Taman Inderawasih Perai 13600 Perai, Malaysia",Prai,Pulau Pinang,13600,5.3883655,100.3821155,+6043973593,penangshanchildrenshome@gmail.com,https://www.hati.my/shan-childrens-home/,Contact for opening hours,1,https://www.facebook.com/shanchildrenshomeperai/,2026-10-02 19:45:30,2026-10-02 19:45:30
20,Rumah Bakti Nur Syaheera,CARE_HOME,"At present there are 31 orphans and poor kids roofed by them and all expenses including managing the home, daily expenditure for the kids food and clothing and studies are incurred by the soceity. The committee members of the soceity would appreciate donations in term of money, food or anything that can benefit the orphans and poor kids they are taking care of. Whatever deed that you hand out will be rewarded by Allah SWT.",Dry basic food supplies. Please contact centre to confirm acceptance and drop-off arrangements.,"23, Jalan Jaya Baru 3, Taman Jaya Baru, 56000 Kuala Lumpur, Wilayah Persekutuan Kuala Lumpur",Kuala Lumpur,Kuala Lumpur,56000,3.0528125,101.7500984,+60122002542,rbnursyaheera@gmail.com,https://www.hati.my/rumah-bakti-nur-syaheera/,"Monday - Sunday, 8:30 AM - 6:30 PM",1,https://nursyaheera.com,2026-10-02 19:45:30,2026-10-02 19:45:30
21,Shelter Home for Children,CARE_HOME,"Shelter home for children, a registered welfare organization, was set up in June 1981. guided by the vision of giving children 'at risk' a childhood and future by protecting, guiding and healing them, and by building strong communities and loving families.","Accepted packaged food donations include rice, cooking oil, milk powder, evaporated milk, luncheon meat, canned mushrooms, mee hoon, dry and instant noodles, jam, soy sauce, oyster sauce, chili sauce, tomato sauce, sesame oil, sardines, processed peas, spaghetti, macaroni, biscuits and Milo.","2, Lorong Timur, Taman Jaya, 46000 Petaling Jaya, Selangor",Petaling Jaya,Selangor,46000,3.1032950,101.6483060,+60379550663,office@shelterhome.org,https://www.hati.my/shelter-home-for-the-children-ii/,"Monday - Friday, 8:30 AM – 5 PM; Closed on Saturday & Sunday",1,https://www.shelterhome.org/default.aspx,2026-10-02 19:45:30,2026-10-02 19:45:30
22,Rumah Charis - Home For The Aged,CARE_HOME,"Rumah Charis is a non-profit Christian organisation comprising of two Homes - a Home for the Children and a Home for the Aged. It was founded in 1988 by Reverend Teo How Ken as a home to serve the old and the aged. Since their inception, their ministries have expanded to include children and youth. Rumah Charis is registered as a social welfare home with the Registrar Society of Malaysia and is a member of the Kuala Lumpur Social Welfare Department.","FOODS - Rice, Cooking Oil, Sugar, Salt, Light Soy Sauce, Thick Soy Sauce, Sesame Oil, Corn Flour, Egg, Onion, Small Onion, Garlic, Potato, Ikan Bilis, Dry Chili, Dry Food (Bee Hoon, Mee), Herbal Soup Ingredient, Shao Hsing Hua Tiao Wine.
BEVERAGE - Milo Powder, Milo 3-In-1, Coffee 3-In-1 / 2-In-1, Omega Milk Powder, Oatmeal, Ribena, Vitagen.
 ","77, Jalan Cempaka, Taman Lucky 58200 Kuala Lumpur, Malaysia",Kuala Lumpur,Kuala Lumpur,58200,3.0725813,101.6600202,+60377815977,SuzanneLee@rumahcharis.org.my,https://www.hati.my/rumah-charis/,"Monday - Sunday, Open 24 hours",1,http://www.rumahcharis.org.my,2026-10-02 19:45:30,2026-10-02 19:45:30
23,Rumah Charis - Home For The Children,CARE_HOME,"Rumah Charis is a non-profit Christian organisation comprising of two Homes - a Home for the Children and a Home for the Aged. It was founded in 1988 by Reverend Teo How Ken as a home to serve the old and the aged. Since their inception, their ministries have expanded to include children and youth. Rumah Charis is registered as a social welfare home with the Registrar Society of Malaysia and is a member of the Kuala Lumpur Social Welfare Department.","FOODS - Rice, Cooking Oil, Sugar, Salt, Light Soy Sauce, Thick Soy Sauce, Sesame Oil, Corn Flour, Egg, Onion, Small Onion, Garlic, Potato, Ikan Bilis, Dry Chili, Dry Food (Bee Hoon, Mee), Herbal Soup Ingredient, Shao Hsing Hua Tiao Wine.
BEVERAGE - Milo Powder, Milo 3-In-1, Coffee 3-In-1 / 2-In-1, Omega Milk Powder, Oatmeal, Ribena, Vitagen.
 ","Lot 10064, Jalan Awan Pintal, Taman Yarl, 58200 Kuala Lumpur",Kuala Lumpur,Kuala Lumpur,58200,3.0683340,101.6638432,+60377815977,SuzanneLee@rumahcharis.org.my,https://www.hati.my/rumah-charis/,Contact for opening hours,1,http://www.rumahcharis.org.my,2026-10-02 19:45:30,2026-10-02 19:45:30
24,Pusat Jagaan Kesayangan Mumtahanah,CARE_HOME,Pusat Jagaan Kesayangan Mumtahanah is a children and youth care facility located in Kelantan.,"The center receives donations of essential items such as rice, biscuits, flour, sugar, milk, and Milo.","No67-A, Jalan Teratai, Taman Uda Murni, Jalan Pengkalan Chepa, 15400, Kota Bharu, Kelantan",Kota Bharu,Kelantan,15400,6.1442060,102.2661413,+601121222296,pkalrahmankelantan@gmail.com,https://www.hati.my/pusat-jagaan-kesayangan-mumtahanah/,Contact for opening hours,1,https://donorcare.my/directory/npo/pusat-jagaan-kesayangan-mumtahanah,2026-10-02 19:45:30,2026-10-02 19:45:30
25,Vivekananda Home Rembau,CARE_HOME,"Vivekananda Home in Rembau is an independent charitable organization dedicated to providing shelter, food, education, and guidance to underprivileged children.",Food donations are accepted. Contact the organisation directly to confirm accepted food items and donation arrangements.,"Lot 939, Pekan Rembau Jalan Dato Sedia Raja, 71300, 71300 Rembau, Negeri Sembilan",Rembau,Negeri Sembilan,71300,2.5897902,102.0903240,+6066852210,rd8842@yahoo.com,https://www.hati.my/vivekananda-home-rembau/,"Monday - Sunday, 9 AM - 5 PM",1,https://www.facebook.com/p/Vivekananda-Children-Home-100068190655405/,2026-10-02 19:45:30,2026-10-02 19:45:30
26,Food Bank PWZ USIM,FOOD_BANK,University food bank with official public call for dry-food donations.,Accepts dry food donations from the public. Contact PWZ USIM to confirm current donation arrangements before drop-off.,"Pusat Wakaf Dan Zakat
Kompleks Islam Tuanku Muhriz, Universiti Sains Islam Malaysia, 71800 Nilai, Negeri Sembilan, Malaysia",Nilai,Negeri Sembilan,71800,2.8459322,101.7803857,+6067980243,infozakat@usim.edu.my,https://pwz.usim.edu.my/𝐊𝐄𝐌𝐏𝐄𝐍-𝐒𝐔𝐌𝐁𝐀𝐍𝐆𝐀𝐍-𝐌/,"Monday - Friday, 8:30 AM – 4:30 PM; Closed on Saturday & Sunday",1,https://pwz.usim.edu.my/𝐏𝐖𝐙-𝐔𝐒𝐈𝐌-𝐓𝐄𝐑𝐔𝐒𝐊𝐀𝐍-𝐈/,2026-10-02 19:45:30,2026-10-02 19:45:30
27,PKAYIPP (Pertubuhan Kebajikan Anak Yatim Islam Pahang),NGO,"Official site explicitly welcomes individuals donating dry, packaged and canned foods at PKAYIPP offices.","Accepted packaged food donations include dry, packaged and canned food and beverages.","173, Jalan Air Itam, Pulau Pinang, 11500 Air Hitam",Air Itam,Pulau Pinang,11500,5.4118108,100.3086485,+6048288897,wismayatimislampenang@gmail.com,https://pkayipp.org.my,"Monday - Friday, 8:30 AM – 5:30 PM; Saturday, 8:30 AM - 1:30 PM; Closed on Sunday",1,https://pkayipp.org.my/hubungi/media-sosial/,2026-10-02 19:45:30,2026-10-02 19:45:30
