date,premise_code,item_code,price
2026/9/1,2,1,11.0
2026/9/1,2530,1,11.0
2026/9/1,11669,1,8.29
2026/9/1,21447,1,8.59
2026/9/10,5190,1,11.8
2026/9/10,14944,1,10.0
2026/9/10,17460,1,9.29
2026/9/10,18352,1,8.99
2026/9/10,22172,1,8.99
2026/9/11,4231,1,10.5
2026/9/11,20883,1,9.89
2026/9/11,22148,1,8.79
2026/9/3,21821,1,8.99
2026/9/3,22161,1,10.8
2026/9/4,4296,1,11.5
2026/9/4,9548,1,9.79
2026/9/4,20703,1,8.79
2026/9/4,21720,1,9.8
2026/9/6,354,1,9.8
2026/9/6,4303,1,10.6
2026/9/6,17767,1,7.99
2026/9/7,6961,1,10.5
2026/9/7,8757,1,9.5
2026/9/7,18064,1,9.8
2026/9/8,429,1,9.29
2026/9/8,2864,1,11.0
2026/9/8,17463,1,9.19
2026/9/9,14807,1,9.8
2026/9/9,16343,1,9.19
2026/9/9,20789,1,8.99
2026/9/9,21450,1,9.99
2026/9/1,3,2,11.2
2026/9/10,17710,2,11.99
2026/9/3,11524,2,10.99
2026/9/4,17179,2,11.99
2026/9/7,22146,2,12.99
2026/9/6,1053,9,36.0
2026/9/6,585,10,36.0
2026/9/6,1053,11,48.0
2026/9/6,1053,12,48.0
2026/9/6,1053,14,25.0
2026/9/7,21604,14,23.99
2026/9/7,21731,14,24.99
2026/9/7,3,16,10.0
2026/9/7,16547,16,6.59
2026/9/7,21266,16,10.0
2026/9/7,3,18,10.2
2026/9/7,18203,18,6.5
2026/9/7,176,19,5.99
2026/9/7,261,20,2.49
2026/9/7,10853,20,7.7
2026/9/7,3,21,4.4
2026/9/7,239,22,7.9
2026/9/7,3,24,9.4
2026/9/7,17943,24,5.89
2026/9/7,20748,24,8.99
2026/9/7,21887,24,4.9
2026/9/7,3,25,6.0
2026/9/7,21963,26,16.99
2026/9/7,115,27,20.0
2026/9/7,10975,27,7.99
2026/9/7,506,31,1.5
2026/9/7,136,38,7.99
2026/9/7,136,39,12.99
2026/9/6,585,43,34.0
2026/9/7,5003,43,30.0
2026/9/7,17636,43,23.99
2026/9/7,18212,43,39.9
2026/9/7,20946,43,27.5
2026/9/7,21693,43,24.0
2026/9/1,2,47,10.0
2026/9/1,1032,47,10.0
2026/9/1,17796,47,9.9
2026/9/10,6177,47,9.2
2026/9/10,15201,47,9.99
2026/9/10,20792,47,8.99
2026/9/10,21000,47,10.49
2026/9/11,16389,47,9.99
2026/9/11,17764,47,19.9
2026/9/11,17866,47,9.49
2026/9/11,20877,47,18.5
2026/9/11,21081,47,15.9
2026/9/3,588,47,11.59
2026/9/3,3770,47,14.0
2026/9/3,21928,47,13.99
2026/9/4,21218,47,8.9
2026/9/5,18673,47,9.99
2026/9/6,18209,47,8.9
2026/9/7,14657,47,10.0
2026/9/7,16678,47,13.0
2026/9/8,342,47,8.0
2026/9/8,9214,47,10.99
2026/9/9,8614,47,13.0
2026/9/9,17168,47,6.99
2026/9/7,239,52,20.9
2026/9/1,2,55,10.0
2026/9/1,21928,55,18.99
2026/9/10,21513,55,16.99
2026/9/11,20806,55,18.0
2026/9/11,22162,55,18.0
2026/9/2,4511,55,14.0
2026/9/2,18410,55,12.99
2026/9/3,11513,55,11.99
2026/9/4,3178,55,17.9
2026/9/6,21120,55,14.9
2026/9/8,21843,55,8.99
2026/9/9,5221,55,16.0
2026/9/7,3,64,19.9
2026/9/1,3,69,16.9
2026/9/11,5827,69,16.9
2026/9/11,14663,69,13.9
2026/9/11,20739,69,15.99
2026/9/3,15950,69,9.99
2026/9/4,4118,69,24.0
2026/9/4,5137,69,14.9
2026/9/6,2158,69,12.99
2026/9/6,6039,69,9.99
2026/9/6,20809,69,10.99
2026/9/7,21245,69,13.9
2026/9/1,2,70,24.0
2026/9/1,18716,70,19.99
2026/9/10,382,70,21.0
2026/9/11,864,70,22.99
2026/9/11,4470,70,18.9
2026/9/11,5190,70,16.0
2026/9/11,17871,70,17.0
2026/9/11,21645,70,10.99
2026/9/2,17788,70,20.0
2026/9/3,21083,70,25.9
2026/9/4,21253,70,16.99
2026/9/5,5870,70,18.99
2026/9/5,5895,70,20.9
2026/9/5,20877,70,28.9
2026/9/6,7983,70,20.0
2026/9/6,13081,70,18.9
2026/9/7,2450,70,20.99
2026/9/7,17592,70,17.9
2026/9/7,21344,70,17.99
2026/9/7,21419,70,15.99
2026/9/7,21852,70,22.99
2026/9/8,17872,70,23.0
2026/9/8,20876,70,17.99
2026/9/8,22169,70,18.9
2026/9/9,3692,70,20.0
2026/9/9,7014,70,20.0
2026/9/9,20736,70,19.99
2026/9/9,21518,70,17.9
2026/9/1,2,88,10.0
2026/9/10,1324,88,11.5
2026/9/10,2560,88,5.89
2026/9/10,17767,88,8.49
2026/9/11,11222,88,11.9
2026/9/11,20957,88,8.9
2026/9/2,18316,88,9.9
2026/9/3,9548,88,10.99
2026/9/4,1267,88,9.0
2026/9/4,21242,88,9.99
2026/9/5,4118,88,13.0
2026/9/6,591,88,8.49
2026/9/6,6609,88,8.49
2026/9/6,21191,88,9.9
2026/9/7,3204,88,13.99
2026/9/7,18477,88,12.99
2026/9/7,21037,88,8.5
2026/9/8,13715,88,9.99
2026/9/8,14840,88,11.99
2026/9/9,22168,88,14.99
2026/9/1,2,92,12.0
2026/9/1,834,92,18.59
2026/9/1,11537,92,19.99
2026/9/11,2736,92,15.0
2026/9/11,5838,92,15.0
2026/9/11,17636,92,11.99
2026/9/11,17788,92,16.0
2026/9/11,18051,92,13.99
2026/9/11,20918,92,13.99
2026/9/11,21284,92,11.99
2026/9/2,4470,92,10.99
2026/9/3,20914,92,17.99
2026/9/4,21630,92,16.0
2026/9/5,15707,92,8.89
2026/9/5,18480,92,11.99
2026/9/5,22235,92,15.9
2026/9/6,1000,92,19.99
2026/9/7,6437,92,24.99
2026/9/7,11222,92,8.99
2026/9/7,17636,92,14.49
2026/9/7,22021,92,16.8
2026/9/9,2917,92,12.0
2026/9/9,18106,92,16.3
2026/9/9,20992,92,13.9
2026/9/1,2,93,16.0
2026/9/10,2623,93,10.0
2026/9/10,8678,93,18.0
2026/9/11,777,93,16.0
2026/9/11,17152,93,14.99
2026/9/2,20811,93,18.0
2026/9/3,11572,93,16.0
2026/9/4,2007,93,18.0
2026/9/4,15820,93,15.99
2026/9/4,18576,93,11.99
2026/9/4,21991,93,17.5
2026/9/5,7995,93,20.0
2026/9/6,1133,93,18.0
2026/9/6,11572,93,16.0
2026/9/6,15936,93,9.99
2026/9/7,5980,93,22.0
2026/9/8,1826,93,12.0
2026/9/8,11588,93,16.99
2026/9/9,12761,93,33.9
2026/9/9,20828,93,12.0
2026/9/9,21882,93,15.9
2026/9/1,2,94,12.0
2026/9/10,11586,94,15.0
2026/9/11,14662,94,9.99
2026/9/11,15976,94,16.89
2026/9/11,21076,94,15.99
2026/9/11,21202,94,18.9
2026/9/2,2034,94,9.99
2026/9/2,21075,94,11.99
2026/9/2,21447,94,9.99
2026/9/3,1803,94,20.0
2026/9/3,5355,94,12.99
2026/9/3,20705,94,13.99
2026/9/4,21292,94,10.99
2026/9/5,9214,94,9.99
2026/9/6,1164,94,18.0
2026/9/6,16386,94,16.49
2026/9/7,3041,94,7.99
2026/9/7,20757,94,11.99
2026/9/7,20951,94,16.9
2026/9/7,21116,94,16.99
2026/9/9,20860,94,11.99
2026/9/1,2,95,10.0
2026/9/1,729,95,8.9
2026/9/1,17428,95,8.0
2026/9/10,11587,95,9.9
2026/9/10,20807,95,7.99
2026/9/11,758,95,7.99
2026/9/11,1137,95,5.99
2026/9/11,3908,95,8.0
2026/9/11,17881,95,6.9
2026/9/11,20692,95,7.9
2026/9/11,20907,95,8.99
2026/9/2,5897,95,8.0
2026/9/2,16276,95,7.0
2026/9/2,21888,95,6.5
2026/9/3,10720,95,17.99
2026/9/3,20741,95,8.99
2026/9/3,21258,95,4.98
2026/9/3,22002,95,5.9
2026/9/4,15950,95,4.95
2026/9/4,18193,95,6.99
2026/9/4,18347,95,5.99
2026/9/4,21633,95,6.9
2026/9/4,22140,95,8.99
2026/9/5,3444,95,8.9
2026/9/5,15903,95,6.99
2026/9/5,21516,95,8.99
2026/9/6,2623,95,12.0
2026/9/6,18460,95,8.7
2026/9/7,3739,95,15.0
2026/9/7,13283,95,7.0
2026/9/7,18018,95,6.2
2026/9/7,20751,95,5.99
2026/9/7,21085,95,5.59
2026/9/7,21526,95,9.0
2026/9/8,10053,95,8.0
2026/9/8,13715,95,6.99
2026/9/8,21176,95,5.99
2026/9/8,21976,95,8.4
2026/9/9,2062,95,8.5
2026/9/9,2617,95,11.1
2026/9/9,17395,95,8.9
2026/9/1,2,96,8.0
2026/9/1,15664,96,7.99
2026/9/1,16460,96,9.99
2026/9/1,21475,96,8.0
2026/9/10,1032,96,8.0
2026/9/10,20703,96,7.29
2026/9/10,20853,96,10.0
2026/9/10,21203,96,9.8
2026/9/10,21514,96,6.99
2026/9/11,3339,96,10.0
2026/9/11,21026,96,9.99
2026/9/2,3444,96,9.9
2026/9/2,17461,96,10.99
2026/9/2,22160,96,8.0
2026/9/3,1407,96,19.6
2026/9/3,17035,96,9.96
2026/9/3,17636,96,6.69
2026/9/4,183,96,7.5
2026/9/4,5895,96,7.5
2026/9/5,20703,96,8.69
2026/9/5,21197,96,8.9
2026/9/6,1775,96,10.0
2026/9/6,2161,96,12.0
2026/9/6,5897,96,7.0
2026/9/6,7008,96,9.9
2026/9/7,6136,96,7.0
2026/9/7,20805,96,9.0
2026/9/7,21108,96,9.69
2026/9/7,21200,96,8.99
2026/9/7,21202,96,6.9
2026/9/8,3066,96,10.0
2026/9/8,3211,96,7.0
2026/9/8,7472,96,6.0
2026/9/8,12750,96,10.36
2026/9/8,20907,96,5.5
2026/9/8,21249,96,5.5
2026/9/9,176,96,7.96
2026/9/9,2788,96,10.0
2026/9/9,20718,96,10.0
2026/9/9,20870,96,10.99
2026/9/1,2,97,10.0
2026/9/1,12000,97,14.0
2026/9/10,17943,97,3.59
2026/9/10,20728,97,9.99
2026/9/11,424,97,8.0
2026/9/11,21973,97,19.5
2026/9/11,22067,97,4.99
2026/9/11,22172,97,3.99
2026/9/2,2917,97,12.0
2026/9/3,11844,97,6.99
2026/9/3,21103,97,6.9
2026/9/3,21840,97,9.16
2026/9/5,1960,97,12.0
2026/9/5,22172,97,4.99
2026/9/6,17563,97,13.99
2026/9/6,17651,97,8.99
2026/9/6,18539,97,10.0
2026/9/6,20739,97,4.79
2026/9/7,9548,97,10.49
2026/9/7,21167,97,14.0
2026/9/7,21313,97,9.99
2026/9/7,21945,97,7.99
2026/9/7,22180,97,16.8
2026/9/8,18189,97,8.99
2026/9/8,22238,97,5.99
2026/9/9,3017,97,6.5
2026/9/9,3694,97,10.0
2026/9/9,14663,97,14.0
2026/9/9,20750,97,10.49
2026/9/9,21815,97,7.99
2026/9/1,2,98,8.0
2026/9/1,7349,98,14.9
2026/9/1,8757,98,10.0
2026/9/1,11509,98,8.0
2026/9/1,16356,98,7.9
2026/9/1,22169,98,10.5
2026/9/10,589,98,10.0
2026/9/10,11222,98,6.99
2026/9/10,21199,98,8.5
2026/9/10,21630,98,6.0
2026/9/11,17734,98,7.9
2026/9/2,16472,98,10.9
2026/9/3,1211,98,7.0
2026/9/3,17872,98,10.0
2026/9/3,21633,98,9.0
2026/9/4,4767,98,8.0
2026/9/4,10214,98,7.99
2026/9/4,18349,98,5.99
2026/9/4,20750,98,8.49
2026/9/4,20922,98,11.0
2026/9/4,22162,98,5.0
2026/9/5,2993,98,8.5
2026/9/5,20750,98,8.49
2026/9/5,21200,98,8.99
2026/9/5,21322,98,7.99
2026/9/5,22148,98,10.99
2026/9/6,1300,98,7.5
2026/9/6,22140,98,6.99
2026/9/7,864,98,8.0
2026/9/7,5838,98,8.0
2026/9/7,6931,98,7.99
2026/9/7,11627,98,3.9
2026/9/7,21541,98,7.99
2026/9/7,22276,98,8.29
2026/9/8,330,98,7.96
2026/9/9,17590,98,11.2
2026/9/9,18673,98,5.29
2026/9/9,20794,98,4.99
2026/9/6,1053,101,4.0
2026/9/6,589,102,12.0
2026/9/7,15537,102,11.0
2026/9/7,22150,102,10.0
2026/9/6,1324,103,12.0
2026/9/1,2,104,4.0
2026/9/10,16353,104,2.49
2026/9/10,18197,104,3.39
2026/9/2,2270,104,4.5
2026/9/2,13081,104,2.5
2026/9/2,21751,104,1.99
2026/9/3,20803,104,3.99
2026/9/4,12745,104,3.5
2026/9/4,21295,104,3.5
2026/9/5,11509,104,2.29
2026/9/5,20776,104,1.99
2026/9/5,21821,104,2.29
2026/9/6,21645,104,2.99
2026/9/7,2918,104,4.0
2026/9/7,21242,104,2.9
2026/9/7,21523,104,2.29
2026/9/8,8678,104,3.0
2026/9/9,20940,104,1.99
2026/9/1,2,105,4.0
2026/9/1,20859,105,2.49
2026/9/10,21116,105,5.2
2026/9/11,4057,105,2.79
2026/9/2,11581,105,5.0
2026/9/2,22157,105,3.99
2026/9/3,18094,105,2.79
2026/9/4,17096,105,9.0
2026/9/4,18476,105,7.0
2026/9/6,20788,105,5.99
2026/9/6,21266,105,4.1
2026/9/7,3053,105,5.2
2026/9/9,8908,105,4.9
2026/9/9,21981,105,6.0
2026/9/1,2,108,12.0
2026/9/1,2758,108,12.0
2026/9/1,4664,108,15.0
2026/9/1,20758,108,9.4
2026/9/1,20942,108,10.99
2026/9/10,3444,108,8.9
2026/9/2,3444,108,8.9
2026/9/2,3901,108,5.89
2026/9/2,4203,108,10.0
2026/9/2,11518,108,5.89
2026/9/2,15936,108,12.99
2026/9/3,16460,108,8.99
2026/9/3,18464,108,15.99
2026/9/3,21517,108,7.99
2026/9/3,21886,108,8.5
2026/9/4,600,108,8.0
2026/9/5,13535,108,10.6
2026/9/5,20786,108,7.99
2026/9/5,21072,108,10.5
2026/9/5,21277,108,5.09
2026/9/6,2028,108,6.4
2026/9/6,11677,108,10.0
2026/9/6,17975,108,12.9
2026/9/6,20957,108,8.99
2026/9/6,22250,108,12.9
2026/9/7,10203,108,7.99
2026/9/7,17386,108,7.99
2026/9/7,21192,108,8.9
2026/9/8,14883,108,10.0
2026/9/8,15201,108,11.5
2026/9/9,2034,108,5.89
2026/9/9,4767,108,10.0
2026/9/9,5274,108,7.99
2026/9/9,10214,108,8.99
2026/9/9,14662,108,6.4
2026/9/9,20805,108,12.0
2026/9/9,21886,108,8.5
2026/9/1,2,109,5.0
2026/9/1,18129,109,4.9
2026/9/10,17466,109,5.0
2026/9/10,21176,109,3.79
2026/9/11,1134,109,5.0
2026/9/11,3103,109,2.99
2026/9/11,3181,109,4.0
2026/9/11,11568,109,3.9
2026/9/11,20888,109,2.99
2026/9/2,5325,109,2.29
2026/9/3,13535,109,2.29
2026/9/3,18471,109,2.49
2026/9/3,20789,109,2.99
2026/9/3,22162,109,4.0
2026/9/4,3305,109,6.0
2026/9/4,8539,109,6.0
2026/9/4,15563,109,5.0
2026/9/4,18475,109,2.49
2026/9/4,21318,109,2.99
2026/9/4,21606,109,4.9
2026/9/5,1756,109,2.99
2026/9/5,2248,109,5.0
2026/9/5,21085,109,2.99
2026/9/6,3692,109,4.0
2026/9/6,4767,109,5.0
2026/9/7,6177,109,4.8
2026/9/7,20767,109,3.59
2026/9/7,21104,109,2.99
2026/9/7,21111,109,3.9
2026/9/7,21200,109,4.29
2026/9/7,21311,109,2.49
2026/9/7,21362,109,2.49
2026/9/8,439,109,2.19
2026/9/8,15903,109,2.49
2026/9/8,21653,109,3.99
2026/9/9,4662,109,4.0
2026/9/9,11874,109,5.0
2026/9/9,18063,109,2.29
2026/9/9,18165,109,2.5
2026/9/9,20876,109,2.29
2026/9/9,21071,109,4.4
2026/9/1,2,113,5.0
2026/9/1,15123,113,3.49
2026/9/1,17046,113,2.19
2026/9/10,3424,113,5.0
2026/9/10,20922,113,7.0
2026/9/11,10750,113,4.9
2026/9/2,12165,113,3.2
2026/9/2,14455,113,2.99
2026/9/2,14840,113,3.1
2026/9/3,10131,113,2.3
2026/9/3,20707,113,3.99
2026/9/3,21653,113,2.99
2026/9/4,506,113,2.29
2026/9/4,16343,113,2.79
2026/9/4,20772,113,2.9
2026/9/4,20789,113,3.49
2026/9/4,22123,113,6.0
2026/9/5,18319,113,3.49
2026/9/5,18328,113,5.0
2026/9/6,1121,113,5.99
2026/9/6,2213,113,5.0
2026/9/6,4496,113,5.0
2026/9/6,11423,113,5.0
2026/9/6,20751,113,3.49
2026/9/6,21676,113,2.5
2026/9/7,7961,113,4.0
2026/9/7,17895,113,4.0
2026/9/7,20778,113,6.0
2026/9/7,20998,113,3.5
2026/9/7,21053,113,3.8
2026/9/7,21447,113,2.69
2026/9/8,588,113,2.59
2026/9/8,15524,113,3.0
2026/9/8,18353,113,2.99
2026/9/8,21171,113,3.99
2026/9/9,4496,113,5.0
2026/9/9,10053,113,3.0
2026/9/9,17097,113,2.79
2026/9/9,20703,113,2.99
2026/9/1,2,114,8.0
2026/9/1,1046,114,12.0
2026/9/1,5488,114,9.29
2026/9/1,15903,114,6.99
2026/9/10,20870,114,9.49
2026/9/10,21991,114,6.5
2026/9/11,2510,114,12.0
2026/9/11,10850,114,7.89
2026/9/11,12750,114,8.89
2026/9/2,11753,114,9.0
2026/9/3,2952,114,13.0
2026/9/3,5355,114,6.99
2026/9/3,21435,114,7.99
2026/9/4,16356,114,7.9
2026/9/4,17906,114,9.99
2026/9/5,5827,114,11.0
2026/9/5,21311,114,8.49
2026/9/6,3838,114,10.9
2026/9/6,12025,114,8.99
2026/9/6,18410,114,10.9
2026/9/7,7192,114,12.5
2026/9/7,21105,114,9.9
2026/9/8,1783,114,10.0
2026/9/8,12024,114,12.0
2026/9/8,17624,114,7.89
2026/9/8,18470,114,9.9
2026/9/8,20808,114,10.99
2026/9/8,21661,114,11.9
2026/9/9,725,114,9.9
2026/9/9,11551,114,6.0
2026/9/9,18349,114,9.39
2026/9/9,20774,114,9.99
2026/9/7,1972,118,5.5
2026/9/7,1972,119,5.4
2026/9/7,1972,120,5.2
2026/9/1,2,129,4.0
2026/9/1,18063,129,2.59
2026/9/1,22160,129,4.5
2026/9/10,21823,129,3.49
2026/9/10,21862,129,2.49
2026/9/11,17428,129,4.0
2026/9/2,754,129,2.49
2026/9/2,11479,129,2.9
2026/9/3,3302,129,5.0
2026/9/3,11772,129,5.0
2026/9/3,17592,129,5.99
2026/9/3,21739,129,6.6
2026/9/4,1517,129,4.0
2026/9/4,5895,129,2.99
2026/9/4,7008,129,3.9
2026/9/4,18185,129,2.59
2026/9/4,21196,129,3.5
2026/9/4,22124,129,2.69
2026/9/5,11517,129,3.99
2026/9/5,17872,129,6.0
2026/9/5,18467,129,5.0
2026/9/5,20876,129,2.59
2026/9/6,17877,129,3.9
2026/9/6,22140,129,4.29
2026/9/7,494,129,4.79
2026/9/7,6039,129,4.49
2026/9/7,7283,129,3.5
2026/9/7,20754,129,6.0
2026/9/7,21053,129,4.0
2026/9/7,21199,129,4.0
2026/9/7,21500,129,5.0
2026/9/7,21770,129,4.0
2026/9/8,5348,129,4.99
2026/9/8,10720,129,2.99
2026/9/8,21661,129,3.5
2026/9/9,1139,129,3.5
2026/9/9,18164,129,3.99
2026/9/1,2,131,8.0
2026/9/1,3587,131,6.0
2026/9/1,11512,131,10.99
2026/9/1,21243,131,5.9
2026/9/2,5274,131,3.79
2026/9/2,21452,131,10.0
2026/9/2,21972,131,9.0
2026/9/3,506,131,6.65
2026/9/3,11588,131,2.49
2026/9/3,12352,131,5.98
2026/9/3,18319,131,2.49
2026/9/3,20807,131,4.99
2026/9/3,20865,131,5.5
2026/9/3,21259,131,4.5
2026/9/3,21301,131,6.9
2026/9/4,4547,131,8.0
2026/9/4,11556,131,8.0
2026/9/4,17236,131,4.0
2026/9/5,2736,131,10.0
2026/9/5,17990,131,9.99
2026/9/6,136,131,9.99
2026/9/6,22150,131,4.2
2026/9/7,21257,131,5.2
2026/9/8,20790,131,2.49
2026/9/8,21815,131,5.7
2026/9/9,2678,131,8.0
2026/9/9,11546,131,7.0
2026/9/9,20882,131,5.49
2026/9/1,3,132,13.8
2026/9/1,3346,132,15.0
2026/9/1,3424,132,12.0
2026/9/10,12742,132,9.9
2026/9/2,2612,132,6.9
2026/9/3,11618,132,10.0
2026/9/4,1972,132,12.0
2026/9/4,4110,132,14.0
2026/9/4,6941,132,14.0
2026/9/6,5897,132,12.0
2026/9/8,21894,132,8.9
2026/9/6,589,191,10.5
2026/9/7,20888,191,10.49
2026/9/7,21283,191,10.9
2026/9/7,21695,191,10.8
2026/9/7,3,193,9.38
2026/9/7,21465,193,9.2
2026/9/7,3,201,10.41
2026/9/7,16389,201,9.5
2026/9/7,20992,201,8.9
2026/9/7,3,203,13.5
2026/9/7,16353,203,11.49
2026/9/7,18095,203,11.49
2026/9/7,20861,203,12.6
2026/9/7,21085,203,11.59
2026/9/7,21854,203,11.85
2026/9/7,3,205,9.16
2026/9/7,11623,205,10.3
2026/9/7,20809,205,9.7
2026/9/7,21685,205,9.9
2026/9/7,21924,205,9.7
2026/9/6,1053,206,14.5
2026/9/7,20814,206,10.9
2026/9/7,21579,206,13.0
2026/9/6,1053,214,8.5
2026/9/7,739,214,6.5
2026/9/7,22036,214,6.6
2026/9/6,589,217,4.0
2026/9/7,20732,217,4.1
2026/9/7,20847,217,4.9
2026/9/7,21837,217,5.9
2026/9/7,21976,217,4.15
2026/9/6,1324,218,4.9
2026/9/7,21208,218,4.7
2026/9/7,2925,221,1.3
2026/9/7,1107,226,1.5
2026/9/7,3,228,3.6
2026/9/7,17767,228,2.75
2026/9/7,20774,228,4.19
2026/9/7,3,229,1.61
2026/9/7,6177,229,1.7
2026/9/7,18344,229,1.7
2026/9/7,3,230,3.66
2026/9/7,15553,230,2.99
2026/9/7,21894,230,3.1
2026/9/7,3,232,2.4
2026/9/7,14803,232,2.6
2026/9/7,20791,232,2.2
2026/9/7,21076,232,2.79
2026/9/7,3,235,6.93
2026/9/7,20776,235,6.4
2026/9/7,3,239,2.49
2026/9/7,21823,239,2.49
2026/9/7,115,240,2.3
2026/9/7,21174,240,1.99
2026/9/7,21191,240,2.2
2026/9/7,3,246,18.9
2026/9/7,5377,246,17.9
2026/9/6,589,254,34.0
2026/9/7,11621,254,35.53
2026/9/7,16104,254,36.99
2026/9/7,17869,254,39.9
2026/9/7,18345,254,38.9
2026/9/6,589,260,34.0
2026/9/7,725,260,35.9
2026/9/7,3984,260,33.5
2026/9/6,5434,263,30.9
2026/9/7,2907,263,30.9
2026/9/7,11538,263,30.9
2026/9/7,21995,263,30.9
2026/9/6,2048,266,30.9
2026/9/7,18120,266,29.95
2026/9/7,18475,266,30.5
2026/9/7,20757,266,29.9
2026/9/7,21941,266,29.95
2026/9/6,2048,267,6.9
2026/9/7,15382,267,6.9
2026/9/7,21965,267,6.9
2026/9/7,3,271,37.47
2026/9/7,15,299,28.2
2026/9/7,18107,299,29.75
2026/9/7,21949,299,30.35
2026/9/7,3,300,27.95
2026/9/7,4181,300,28.9
2026/9/7,4812,300,30.0
2026/9/7,16509,300,29.8
2026/9/7,18010,300,29.5
2026/9/7,20737,300,27.99
2026/9/7,20883,300,30.0
2026/9/7,21214,300,28.5
2026/9/7,21402,300,27.95
2026/9/6,589,350,6.0
2026/9/7,2838,350,6.3
2026/9/7,3346,350,6.5
2026/9/7,4511,350,6.0
2026/9/7,16353,350,6.1
2026/9/7,21751,350,6.2
2026/9/6,1053,364,9.0
2026/9/7,1263,364,7.5
2026/9/7,2864,364,7.9
2026/9/7,3171,364,7.7
2026/9/7,20976,364,7.25
2026/9/7,21691,364,7.8
2026/9/7,22003,364,8.0
2026/9/7,22241,364,7.25
2026/9/6,1053,365,7.5
2026/9/7,351,365,6.95
2026/9/7,365,365,8.3
2026/9/7,22126,365,7.2
2026/9/6,589,368,9.0
2026/9/6,1053,716,25.0
2026/9/7,11222,716,18.99
2026/9/1,2,845,30.0
2026/9/1,1714,845,35.0
2026/9/10,20742,845,36.9
2026/9/11,20867,845,27.9
2026/9/2,4296,845,37.0
2026/9/3,3587,845,40.0
2026/9/3,10197,845,36.0
2026/9/3,11551,845,34.0
2026/9/4,10197,845,36.0
2026/9/5,3346,845,30.0
2026/9/5,21108,845,38.99
2026/9/6,7997,845,34.0
2026/9/7,2626,845,12.0
2026/9/7,18474,845,31.99
2026/9/8,438,845,38.9
2026/9/8,1652,845,32.0
2026/9/8,17592,845,43.9
2026/9/8,20789,845,44.99
2026/9/9,14384,845,30.0
2026/9/1,2,847,30.0
2026/9/1,17330,847,45.99
2026/9/2,21413,847,36.9
2026/9/3,21080,847,65.9
2026/9/5,777,847,34.0
2026/9/5,16356,847,39.8
2026/9/8,20903,847,33.99
2026/9/9,21817,847,40.99
2026/9/7,239,849,22.9
2026/9/6,589,850,36.0
2026/9/7,11222,850,49.9
2026/9/1,3,861,2.9
2026/9/11,11652,861,2.9
2026/9/6,656,861,2.9
2026/9/6,11925,861,4.5
2026/9/7,115,869,3.0
2026/9/6,585,883,4.2
2026/9/7,21085,883,3.59
2026/9/7,3,884,3.73
2026/9/7,1054,884,3.59
2026/9/7,12000,884,3.5
2026/9/10,21367,904,34.49
2026/9/7,1117,904,34.99
2026/9/7,1148,904,34.8
2026/9/7,5137,904,37.99
2026/9/7,16801,904,33.9
2026/9/6,589,917,3.2
2026/9/7,5870,917,2.9
2026/9/7,12025,917,3.0
2026/9/7,17685,917,3.09
2026/9/7,21050,917,3.95
2026/9/7,21854,917,2.95
2026/9/6,589,918,2.5
2026/9/7,21678,918,2.5
2026/9/7,506,992,26.0
2026/9/6,589,1070,4.0
2026/9/7,1143,1070,4.2
2026/9/7,17693,1070,4.39
2026/9/7,20934,1070,5.3
2026/9/7,21706,1070,4.45
2026/9/7,3,1086,16.82
2026/9/7,11619,1086,16.32
2026/9/7,18349,1086,14.9
2026/9/7,3,1087,41.79
2026/9/7,20749,1087,43.49
2026/9/7,20932,1087,43.5
2026/9/7,3,1088,48.5
2026/9/7,2560,1088,47.9
2026/9/7,17046,1088,39.99
2026/9/7,3,1089,41.35
2026/9/7,17881,1089,45.8
2026/9/7,17906,1089,44.25
2026/9/7,3,1090,14.9
2026/9/7,20856,1090,14.8
2026/9/7,3,1091,8.17
2026/9/7,1288,1091,8.9
2026/9/7,21264,1091,8.75
2026/9/7,21342,1091,9.3
2026/9/6,2048,1093,9.5
2026/9/7,20770,1093,8.99
2026/9/6,1324,1094,6.9
2026/9/7,4106,1094,6.9
2026/9/7,20836,1094,6.79
2026/9/6,2048,1095,30.9
2026/9/7,12759,1095,30.9
2026/9/7,15954,1095,29.9
2026/9/7,20982,1095,30.9
2026/9/7,3,1100,6.8
2026/9/7,2158,1100,6.7
2026/9/6,17096,1101,13.3
2026/9/7,3727,1101,13.3
2026/9/7,17460,1101,13.3
2026/9/7,18337,1101,13.3
2026/9/1,2,1109,15.0
2026/9/1,21742,1109,15.0
2026/9/10,17463,1109,15.1
2026/9/11,3336,1109,15.0
2026/9/11,14332,1109,15.49
2026/9/2,2280,1109,15.3
2026/9/2,5278,1109,15.49
2026/9/2,20903,1109,14.9
2026/9/3,12745,1109,15.7
2026/9/3,18212,1109,15.19
2026/9/4,2685,1109,15.5
2026/9/4,21203,1109,16.4
2026/9/4,21517,1109,15.49
2026/9/5,20760,1109,14.79
2026/9/6,16389,1109,15.2
2026/9/6,18135,1109,16.5
2026/9/7,1117,1109,15.59
2026/9/7,21447,1109,15.0
2026/9/7,21949,1109,15.6
2026/9/8,239,1109,14.9
2026/9/8,21037,1109,15.2
2026/9/9,14883,1109,16.2
2026/9/1,2,1110,14.7
2026/9/1,12740,1110,16.0
2026/9/1,20705,1110,15.19
2026/9/1,22124,1110,15.0
2026/9/10,20861,1110,15.39
2026/9/10,22269,1110,14.8
2026/9/11,17877,1110,18.9
2026/9/11,17968,1110,14.7
2026/9/11,20918,1110,14.8
2026/9/2,17797,1110,15.39
2026/9/3,758,1110,16.0
2026/9/4,7922,1110,14.7
2026/9/5,18098,1110,14.99
2026/9/6,20728,1110,15.3
2026/9/7,10214,1110,15.29
2026/9/7,21255,1110,14.6
2026/9/7,21353,1110,15.0
2026/9/7,21662,1110,15.79
2026/9/8,3558,1110,15.0
2026/9/8,11545,1110,14.99
2026/9/8,14384,1110,17.0
2026/9/9,18133,1110,15.2
2026/9/1,2,1111,14.4
2026/9/1,15201,1111,14.2
2026/9/10,3901,1111,13.75
2026/9/10,21116,1111,14.2
2026/9/11,4970,1111,15.0
2026/9/11,20912,1111,13.59
2026/9/11,21444,1111,14.8
2026/9/2,21739,1111,14.5
2026/9/3,5257,1111,15.0
2026/9/5,20706,1111,14.9
2026/9/6,1133,1111,15.3
2026/9/6,18492,1111,13.59
2026/9/6,21000,1111,13.8
2026/9/7,17697,1111,15.0
2026/9/7,21118,1111,13.5
2026/9/7,21438,1111,14.5
2026/9/8,3103,1111,14.9
2026/9/9,2700,1111,16.5
2026/9/9,18095,1111,14.39
2026/9/6,585,1128,16.0
2026/9/7,21583,1128,22.5
2026/9/1,2,1131,4.0
2026/9/1,1139,1131,3.5
2026/9/1,1980,1131,2.49
2026/9/1,8616,1131,4.0
2026/9/1,10850,1131,2.49
2026/9/1,15820,1131,2.99
2026/9/1,21736,1131,2.25
2026/9/10,14803,1131,2.49
2026/9/10,15524,1131,4.0
2026/9/10,21285,1131,4.0
2026/9/10,21691,1131,3.5
2026/9/11,16356,1131,2.9
2026/9/11,21633,1131,3.0
2026/9/2,3130,1131,3.2
2026/9/2,21103,1131,3.0
2026/9/3,22256,1131,2.9
2026/9/4,5870,1131,2.49
2026/9/4,6609,1131,2.49
2026/9/4,18133,1131,1.99
2026/9/6,11568,1131,4.5
2026/9/6,11726,1131,4.0
2026/9/7,364,1131,5.0
2026/9/7,4377,1131,3.3
2026/9/7,4591,1131,4.5
2026/9/7,11586,1131,3.0
2026/9/7,20864,1131,3.3
2026/9/7,22171,1131,4.0
2026/9/8,354,1131,3.5
2026/9/8,18133,1131,1.99
2026/9/9,2879,1131,1.8
2026/9/9,3051,1131,4.0
2026/9/9,3211,1131,3.5
2026/9/9,10197,1131,3.5
2026/9/1,2,1132,10.0
2026/9/1,2629,1132,14.0
2026/9/1,21252,1132,4.9
2026/9/1,21287,1132,4.49
2026/9/10,2917,1132,8.0
2026/9/10,2918,1132,10.0
2026/9/10,17725,1132,13.5
2026/9/10,18471,1132,3.99
2026/9/10,20958,1132,5.99
2026/9/10,21075,1132,5.99
2026/9/11,588,1132,3.59
2026/9/11,930,1132,3.59
2026/9/11,20707,1132,5.99
2026/9/11,20786,1132,4.99
2026/9/11,20805,1132,9.0
2026/9/2,21082,1132,7.99
2026/9/2,21518,1132,7.9
2026/9/3,1204,1132,8.0
2026/9/3,5234,1132,9.5
2026/9/3,11728,1132,10.0
2026/9/3,17641,1132,5.29
2026/9/3,21171,1132,6.5
2026/9/4,4205,1132,2.99
2026/9/4,4313,1132,10.0
2026/9/4,9827,1132,4.19
2026/9/5,1121,1132,9.99
2026/9/5,20718,1132,8.0
2026/9/5,20767,1132,4.79
2026/9/5,21105,1132,5.5
2026/9/5,21435,1132,9.25
2026/9/6,20742,1132,3.99
2026/9/7,633,1132,10.0
2026/9/7,12028,1132,8.0
2026/9/7,18352,1132,3.99
2026/9/7,21026,1132,3.5
2026/9/7,21325,1132,7.9
2026/9/8,1043,1132,8.0
2026/9/8,5532,1132,6.0
2026/9/8,15123,1132,3.99
2026/9/9,2641,1132,8.0
2026/9/9,3204,1132,12.99
2026/9/9,4454,1132,3.69
2026/9/9,15964,1132,8.99
2026/9/9,20695,1132,9.9
2026/9/9,21736,1132,3.19
2026/9/6,2048,1135,5.8
2026/9/7,16343,1135,5.2
2026/9/7,18542,1135,5.6
2026/9/7,20801,1135,4.89
2026/9/7,21082,1135,5.1
2026/9/7,21295,1135,5.8
2026/9/7,21415,1135,5.9
2026/9/6,589,1138,5.5
2026/9/7,380,1138,5.9
2026/9/7,4387,1138,6.0
2026/9/7,8908,1138,5.9
2026/9/7,17280,1138,5.8
2026/9/7,17852,1138,5.7
2026/9/7,17893,1138,6.1
2026/9/7,21909,1138,5.99
2026/9/6,2048,1142,9.5
2026/9/7,18358,1142,9.8
2026/9/7,18474,1142,8.69
2026/9/7,3,1144,14.95
2026/9/7,1737,1144,14.95
2026/9/7,20948,1144,13.99
2026/9/7,3,1145,17.97
2026/9/7,15820,1145,17.49
2026/9/7,17710,1145,17.59
2026/9/6,1053,1151,17.0
2026/9/7,5205,1151,16.5
2026/9/7,8747,1151,15.45
2026/9/7,20902,1151,17.7
2026/9/7,21176,1151,16.25
2026/9/7,21190,1151,15.9
2026/9/7,21847,1151,15.5
2026/9/7,3,1153,2.4
2026/9/7,3,1355,4.0
2026/9/7,20856,1355,3.99
2026/9/7,21458,1355,4.3
2026/9/6,1053,1367,38.0
2026/9/6,585,1368,36.0
2026/9/6,2048,1369,50.0
2026/9/7,3178,1370,63.9
2026/9/7,758,1371,46.99
2026/9/7,1300,1372,43.99
2026/9/7,380,1373,63.9
2026/9/7,758,1373,48.99
2026/9/6,1053,1375,23.0
2026/9/7,4501,1375,22.0
2026/9/6,2048,1376,24.0
2026/9/7,18501,1376,26.9
2026/9/6,1053,1377,23.0
2026/9/6,2048,1378,28.0
2026/9/6,585,1379,48.0
2026/9/7,22264,1379,28.0
2026/9/6,585,1380,38.0
2026/9/6,585,1391,40.0
2026/9/6,2048,1396,4.0
2026/9/7,1152,1400,7.99
2026/9/7,1152,1412,4.99
2026/9/7,11624,1419,13.9
2026/9/7,11624,1420,15.9
2026/9/6,1053,1422,5.0
2026/9/7,1960,1422,5.0
2026/9/7,15476,1422,4.99
2026/9/7,18094,1422,4.5
2026/9/7,20770,1422,5.0
2026/9/7,20847,1422,5.0
2026/9/7,21314,1422,4.29
2026/9/6,585,1431,40.0
2026/9/6,585,1432,40.0
2026/9/1,2,1436,13.0
2026/9/1,1713,1436,15.0
2026/9/1,21727,1436,23.9
2026/9/10,864,1436,17.99
2026/9/10,1133,1436,16.0
2026/9/10,13369,1436,16.0
2026/9/10,18670,1436,12.99
2026/9/11,3195,1436,14.0
2026/9/2,1789,1436,13.0
2026/9/2,17179,1436,13.5
2026/9/2,20867,1436,13.9
2026/9/2,21081,1436,21.9
2026/9/3,11655,1436,24.0
2026/9/3,17035,1436,14.99
2026/9/4,3195,1436,16.0
2026/9/4,18480,1436,13.9
2026/9/5,13120,1436,14.99
2026/9/6,20808,1436,13.99
2026/9/6,21630,1436,15.0
2026/9/7,3130,1436,22.9
2026/9/7,21462,1436,14.9
2026/9/8,5379,1436,12.0
2026/9/8,18481,1436,16.99
2026/9/8,20728,1436,16.9
2026/9/8,21358,1436,13.59
2026/9/6,589,1437,18.0
2026/9/7,2983,1437,24.0
2026/9/7,20737,1437,19.99
2026/9/6,1053,1438,55.0
2026/9/7,11623,1438,55.89
2026/9/1,2,1440,4.0
2026/9/1,3383,1440,4.0
2026/9/1,21102,1440,3.9
2026/9/10,3702,1440,6.0
2026/9/10,5093,1440,3.5
2026/9/10,12025,1440,2.49
2026/9/10,18087,1440,3.99
2026/9/10,21731,1440,2.99
2026/9/11,7961,1440,5.0
2026/9/11,11699,1440,3.99
2026/9/11,21909,1440,2.99
2026/9/2,15531,1440,4.0
2026/9/2,17877,1440,3.9
2026/9/2,21000,1440,2.69
2026/9/3,5880,1440,3.5
2026/9/3,10850,1440,2.49
2026/9/3,22161,1440,4.5
2026/9/4,11543,1440,3.9
2026/9/4,17168,1440,2.99
2026/9/4,18462,1440,1.99
2026/9/4,21206,1440,2.39
2026/9/4,21285,1440,4.0
2026/9/5,13369,1440,8.0
2026/9/5,18165,1440,1.99
2026/9/6,429,1440,3.0
2026/9/6,4473,1440,3.5
2026/9/6,11518,1440,2.69
2026/9/6,11624,1440,3.6
2026/9/6,11699,1440,2.99
2026/9/6,18010,1440,3.69
2026/9/7,18099,1440,3.9
2026/9/7,21171,1440,7.5
2026/9/8,1527,1440,3.5
2026/9/8,17371,1440,2.69
2026/9/8,18242,1440,4.5
2026/9/8,21909,1440,2.99
2026/9/9,5058,1440,5.0
2026/9/9,5234,1440,2.9
2026/9/9,21831,1440,3.99
2026/9/1,3,1441,4.0
2026/9/3,20877,1441,3.6
2026/9/3,22264,1441,4.5
2026/9/7,22007,1441,2.5
2026/9/9,6136,1441,5.0
2026/9/1,2,1442,6.0
2026/9/10,1779,1442,8.0
2026/9/10,3770,1442,5.0
2026/9/10,21895,1442,3.99
2026/9/11,3041,1442,3.9
2026/9/11,11581,1442,5.0
2026/9/11,18212,1442,5.0
2026/9/2,16391,1442,5.9
2026/9/3,11619,1442,4.99
2026/9/4,8908,1442,4.0
2026/9/4,22243,1442,2.5
2026/9/5,1211,1442,5.0
2026/9/5,18478,1442,3.99
2026/9/7,368,1442,4.9
2026/9/7,15576,1442,4.0
2026/9/7,18094,1442,3.29
2026/9/7,21747,1442,5.5
2026/9/8,18212,1442,5.0
2026/9/8,21245,1442,1.69
2026/9/9,11509,1442,2.49
2026/9/9,21210,1442,3.29
2026/9/1,2450,1443,3.29
2026/9/8,21815,1443,3.2
2026/9/1,1972,1444,6.0
2026/9/7,2645,1445,26.0
2026/9/1,2,1458,8.0
2026/9/1,21854,1458,3.49
2026/9/10,4324,1458,4.0
2026/9/10,5889,1458,6.2
2026/9/10,21358,1458,3.29
2026/9/11,4197,1458,7.0
2026/9/11,11423,1458,6.0
2026/9/11,14832,1458,3.49
2026/9/11,18197,1458,4.49
2026/9/11,20874,1458,5.0
2026/9/11,20942,1458,4.99
2026/9/2,2560,1458,3.29
2026/9/2,3211,1458,3.0
2026/9/2,21105,1458,5.5
2026/9/2,21618,1458,5.99
2026/9/3,14824,1458,3.99
2026/9/3,18470,1458,5.4
2026/9/3,21367,1458,3.99
2026/9/3,21615,1458,3.29
2026/9/3,21815,1458,3.99
2026/9/4,333,1458,6.5
2026/9/4,7961,1458,6.0
2026/9/4,12755,1458,3.29
2026/9/4,18460,1458,6.0
2026/9/4,18492,1458,2.99
2026/9/4,20860,1458,3.29
2026/9/4,21214,1458,5.9
2026/9/5,17422,1458,4.49
2026/9/6,21191,1458,4.5
2026/9/7,21470,1458,4.8
2026/9/8,2788,1458,6.0
2026/9/8,15118,1458,5.0
2026/9/9,3051,1458,6.0
2026/9/9,12165,1458,5.4
2026/9/1,2,1475,40.0
2026/9/1,1959,1475,60.0
2026/9/2,3399,1475,48.0
2026/9/3,3558,1475,40.0
2026/9/9,3662,1475,38.0
2026/9/1,2,1476,16.0
2026/9/10,1324,1476,19.5
2026/9/10,2629,1476,16.0
2026/9/10,15476,1476,14.99
2026/9/10,17798,1476,14.89
2026/9/10,21277,1476,20.9
2026/9/11,18353,1476,16.99
2026/9/2,1054,1476,13.99
2026/9/2,14474,1476,16.99
2026/9/2,22161,1476,23.0
2026/9/3,6177,1476,14.4
2026/9/3,11550,1476,8.0
2026/9/4,22245,1476,11.9
2026/9/5,15192,1476,16.0
2026/9/5,21001,1476,24.99
2026/9/6,1826,1476,16.0
2026/9/6,11479,1476,22.5
2026/9/6,20767,1476,15.99
2026/9/8,21001,1476,24.99
2026/9/8,21381,1476,17.9
2026/9/1,2,1477,20.0
2026/9/1,4667,1477,15.0
2026/9/1,20877,1477,33.9
2026/9/1,21621,1477,29.9
2026/9/10,3204,1477,26.99
2026/9/10,21398,1477,12.5
2026/9/3,17488,1477,11.49
2026/9/4,5895,1477,21.9
2026/9/7,11623,1477,21.9
2026/9/7,20882,1477,17.99
2026/9/7,22162,1477,24.0
2026/9/8,17975,1477,8.8
2026/9/9,930,1477,13.99
2026/9/9,3344,1477,20.0
2026/9/9,4496,1477,24.0
2026/9/9,21242,1477,23.99
2026/9/9,21435,1477,32.9
2026/9/6,585,1479,12.0
2026/9/7,4496,1479,12.0
2026/9/7,11728,1479,12.0
2026/9/7,18056,1479,12.0
2026/9/7,18104,1479,19.9
2026/9/7,18541,1479,8.5
2026/9/1,2,1481,8.0
2026/9/1,382,1481,5.99
2026/9/1,2034,1481,5.99
2026/9/1,20805,1481,9.0
2026/9/1,21544,1481,12.9
2026/9/1,21897,1481,6.49
2026/9/10,5870,1481,6.29
2026/9/10,10854,1481,9.9
2026/9/10,16386,1481,7.49
2026/9/11,480,1481,6.0
2026/9/11,4473,1481,10.0
2026/9/11,8176,1481,8.0
2026/9/11,18480,1481,8.99
2026/9/11,21862,1481,4.5
2026/9/2,2517,1481,13.0
2026/9/2,20690,1481,6.5
2026/9/2,21322,1481,8.99
2026/9/2,21653,1481,8.9
2026/9/3,4767,1481,8.0
2026/9/3,6676,1481,15.0
2026/9/3,11844,1481,5.99
2026/9/3,15880,1481,6.99
2026/9/3,20724,1481,8.0
2026/9/3,21897,1481,6.49
2026/9/4,2629,1481,12.0
2026/9/4,3727,1481,8.9
2026/9/4,21413,1481,9.99
2026/9/5,5221,1481,6.5
2026/9/5,11586,1481,8.0
2026/9/5,15524,1481,8.0
2026/9/5,16472,1481,8.9
2026/9/5,20789,1481,6.49
2026/9/6,17876,1481,10.5
2026/9/6,21615,1481,5.99
2026/9/7,1962,1481,6.9
2026/9/7,6931,1481,6.49
2026/9/7,18094,1481,6.99
2026/9/7,18465,1481,11.7
2026/9/7,21045,1481,9.5
2026/9/8,600,1481,8.0
2026/9/8,1133,1481,8.0
2026/9/9,1517,1481,8.0
2026/9/9,3181,1481,7.0
2026/9/7,11656,1482,3.9
2026/9/6,585,1483,1.7
2026/9/7,2270,1483,1.8
2026/9/7,9548,1483,1.9
2026/9/7,21253,1483,1.4
2026/9/7,115,1489,1.5
2026/9/7,21731,1489,1.2
2026/9/7,11656,1491,6.99
2026/9/7,11656,1492,6.9
2026/9/7,3,1507,1.98
2026/9/7,17638,1507,2.0
2026/9/7,17798,1507,1.99
2026/9/7,21974,1507,2.0
2026/9/7,3,1515,8.47
2026/9/7,3,1517,7.55
2026/9/7,3,1544,1.24
2026/9/7,20694,1544,1.7
2026/9/7,20751,1544,1.39
2026/9/7,3,1545,1.47
2026/9/7,16317,1545,1.75
2026/9/7,3,1547,1.89
2026/9/6,585,1550,16.5
2026/9/7,1263,1550,13.99
2026/9/7,2573,1550,18.9
2026/9/7,17046,1550,13.99
2026/9/7,21844,1550,15.0
2026/9/6,585,1551,16.0
2026/9/6,585,1552,14.5
2026/9/7,3003,1552,12.9
2026/9/6,585,1553,15.5
2026/9/7,1135,1553,13.49
2026/9/7,9933,1553,16.1
2026/9/7,11728,1553,16.0
2026/9/7,21275,1553,16.9
2026/9/7,21652,1553,10.99
2026/9/6,1324,1554,46.0
2026/9/7,5093,1554,77.8
2026/9/1,2,1555,30.0
2026/9/1,7014,1555,32.0
2026/9/1,17872,1555,34.0
2026/9/10,11581,1555,30.0
2026/9/11,7283,1555,34.0
2026/9/11,21458,1555,37.99
2026/9/2,22160,1555,34.0
2026/9/3,17100,1555,31.9
2026/9/3,20808,1555,30.99
2026/9/5,3017,1555,28.0
2026/9/6,4505,1555,34.0
2026/9/6,11586,1555,36.0
2026/9/6,11703,1555,38.0
2026/9/6,14803,1555,29.99
2026/9/7,1170,1555,35.0
2026/9/8,21214,1555,39.99
2026/9/8,22002,1555,32.9
2026/9/9,20940,1555,34.9
2026/9/9,21912,1555,29.99
2026/9/1,2,1556,4.0
2026/9/1,1137,1556,2.79
2026/9/1,2560,1556,3.59
2026/9/10,1789,1556,4.5
2026/9/10,3305,1556,5.0
2026/9/10,21364,1556,6.0
2026/9/11,1211,1556,6.0
2026/9/11,11523,1556,7.6
2026/9/11,22168,1556,7.99
2026/9/2,11619,1556,6.76
2026/9/2,17764,1556,11.2
2026/9/2,18716,1556,3.99
2026/9/3,1043,1556,4.0
2026/9/3,21264,1556,5.99
2026/9/4,1121,1556,7.96
2026/9/4,3588,1556,6.0
2026/9/4,10197,1556,6.0
2026/9/4,20957,1556,4.99
2026/9/4,21231,1556,6.0
2026/9/6,588,1556,1.39
2026/9/6,4387,1556,3.96
2026/9/7,21048,1556,7.0
2026/9/9,7997,1556,7.0
2026/9/9,18347,1556,2.29
2026/9/1,2,1558,5.0
2026/9/1,22140,1558,2.99
2026/9/10,394,1558,2.99
2026/9/10,398,1558,2.29
2026/9/10,16547,1558,5.98
2026/9/10,21119,1558,1.6
2026/9/10,22271,1558,6.79
2026/9/11,7472,1558,4.5
2026/9/2,18129,1558,11.9
2026/9/2,20957,1558,5.99
2026/9/3,18578,1558,6.5
2026/9/4,14237,1558,1.79
2026/9/4,17128,1558,6.58
2026/9/5,3383,1558,5.0
2026/9/5,17212,1558,3.0
2026/9/5,18203,1558,2.5
2026/9/5,20732,1558,7.9
2026/9/5,22159,1558,4.0
2026/9/6,18133,1558,5.99
2026/9/7,20888,1558,4.99
2026/9/9,3021,1558,1.99
2026/9/9,3694,1558,8.0
2026/9/9,4507,1558,3.5
2026/9/9,17797,1558,4.9
2026/9/9,22150,1558,2.99
2026/9/9,22235,1558,8.9
2026/9/9,22250,1558,4.9
2026/9/1,2,1559,5.0
2026/9/1,2775,1559,3.0
2026/9/1,21367,1559,4.99
2026/9/10,20792,1559,2.49
2026/9/10,21243,1559,5.9
2026/9/11,20741,1559,3.29
2026/9/11,21073,1559,2.8
2026/9/11,21847,1559,2.99
2026/9/2,21862,1559,2.99
2026/9/3,16317,1559,3.96
2026/9/3,17371,1559,3.89
2026/9/3,18198,1559,4.98
2026/9/3,22239,1559,3.99
2026/9/4,18063,1559,4.98
2026/9/5,1133,1559,5.0
2026/9/5,21264,1559,5.99
2026/9/5,21862,1559,2.99
2026/9/6,1204,1559,6.0
2026/9/6,1980,1559,3.96
2026/9/6,16389,1559,4.99
2026/9/7,5416,1559,4.49
2026/9/8,2984,1559,4.49
2026/9/8,3251,1559,7.0
2026/9/9,21228,1559,3.5
2026/9/9,22122,1559,8.76
2026/9/1,2,1560,8.0
2026/9/1,17892,1560,4.99
2026/9/10,4593,1560,6.0
2026/9/10,11750,1560,12.0
2026/9/10,20750,1560,6.49
2026/9/10,21075,1560,7.99
2026/9/3,1032,1560,8.0
2026/9/4,11883,1560,5.0
2026/9/4,17785,1560,10.99
2026/9/5,4593,1560,6.0
2026/9/7,14237,1560,4.99
2026/9/7,17764,1560,14.0
2026/9/7,20975,1560,11.99
2026/9/7,21286,1560,13.0
2026/9/8,1324,1560,10.0
2026/9/8,1527,1560,4.99
2026/9/7,3,1562,11.8
2026/9/7,2617,1562,8.35
2026/9/7,5309,1562,7.49
2026/9/7,11844,1562,6.89
2026/9/7,394,1563,169.0
2026/9/7,20791,1563,125.9
2026/9/1,2,1564,10.0
2026/9/1,907,1564,7.9
2026/9/1,11956,1564,10.0
2026/9/1,21075,1564,8.99
2026/9/1,21899,1564,8.9
2026/9/10,2617,1564,13.5
2026/9/10,3541,1564,9.8
2026/9/10,17152,1564,7.59
2026/9/10,18716,1564,7.89
2026/9/10,21514,1564,10.99
2026/9/10,21604,1564,7.98
2026/9/11,11569,1564,9.99
2026/9/11,18712,1564,8.5
2026/9/11,21241,1564,4.9
2026/9/11,21475,1564,9.0
2026/9/2,1815,1564,12.0
2026/9/2,20786,1564,5.69
2026/9/4,2,1564,10.0
2026/9/4,15092,1564,9.0
2026/9/4,17522,1564,5.69
2026/9/4,18316,1564,7.9
2026/9/5,12761,1564,7.5
2026/9/6,2270,1564,6.9
2026/9/6,2846,1564,10.9
2026/9/6,20767,1564,12.99
2026/9/6,20932,1564,9.9
2026/9/6,21650,1564,4.99
2026/9/7,1527,1564,10.5
2026/9/7,5897,1564,10.0
2026/9/7,17097,1564,6.49
2026/9/7,18457,1564,4.9
2026/9/7,20926,1564,8.99
2026/9/7,21966,1564,8.0
2026/9/9,5433,1564,8.99
2026/9/9,11551,1564,9.0
2026/9/6,589,1568,6.3
2026/9/7,4501,1568,6.9
2026/9/7,20898,1568,7.0
2026/9/6,589,1570,6.3
2026/9/7,15655,1570,6.5
2026/9/7,21412,1570,6.2
2026/9/6,585,1572,6.0
2026/9/7,434,1572,5.7
2026/9/7,8359,1572,8.0
2026/9/7,13903,1572,6.5
2026/9/7,17532,1572,6.9
2026/9/7,18068,1572,7.0
2026/9/7,20925,1572,5.49
2026/9/7,21517,1572,6.15
2026/9/7,21544,1572,6.6
2026/9/7,21680,1572,5.99
2026/9/7,21704,1572,6.9
2026/9/7,21731,1572,6.3
2026/9/7,22034,1572,5.49
2026/9/7,22259,1572,6.6
2026/9/6,589,1577,8.6
2026/9/7,588,1577,8.5
2026/9/7,14108,1577,9.8
2026/9/7,20921,1577,9.9
2026/9/7,21089,1577,9.0
2026/9/7,21325,1577,8.6
2026/9/7,14807,1581,26.0
2026/9/7,380,1582,26.0
2026/9/1,1962,1583,36.55
2026/9/7,18670,1583,32.9
2026/9/6,589,1584,3.2
2026/9/7,11590,1584,2.25
2026/9/7,17371,1584,2.79
2026/9/7,22037,1584,2.89
2026/9/6,589,1585,4.5
2026/9/7,11728,1585,4.0
2026/9/7,17872,1585,4.5
2026/9/7,17909,1585,4.0
2026/9/7,20926,1585,3.79
2026/9/7,21001,1585,3.9
2026/9/7,21335,1585,4.2
2026/9/7,21383,1585,3.8
2026/9/7,16,1588,3.2
2026/9/7,5218,1588,3.99
2026/9/6,589,1589,2.85
2026/9/7,14811,1589,2.85
2026/9/7,21453,1589,2.85
2026/9/7,21493,1589,2.85
2026/9/7,21863,1589,2.85
2026/9/6,5221,1590,2.95
2026/9/7,21505,1590,2.95
2026/9/7,3,1595,30.26
2026/9/7,18470,1595,29.9
2026/9/7,21887,1595,27.6
2026/9/7,656,1596,27.9
2026/9/7,20865,1596,29.9
2026/9/7,3,1597,28.79
2026/9/6,5221,1598,16.5
2026/9/7,21811,1598,17.5
2026/9/6,2048,1600,18.5
2026/9/7,2639,1600,17.4
2026/9/7,12025,1600,15.4
2026/9/7,18562,1600,17.8
2026/9/7,20759,1600,15.79
2026/9/6,1324,1601,13.3
2026/9/7,14807,1601,13.19
2026/9/7,17038,1601,13.3
2026/9/7,21443,1601,13.3
2026/9/6,2048,1602,13.3
2026/9/7,1737,1602,13.2
2026/9/7,3,1603,21.85
2026/9/7,11716,1603,22.0
2026/9/7,17236,1603,21.7
2026/9/7,16,1604,5.0
2026/9/7,16,1605,0.7
2026/9/7,3,1606,15.99
2026/9/7,11711,1606,18.59
2026/9/7,3,1610,9.19
2026/9/7,20951,1610,9.2
2026/9/6,585,1611,3.8
2026/9/7,18352,1611,3.3
2026/9/7,20714,1611,3.59
2026/9/7,20947,1611,3.69
2026/9/7,21562,1611,3.9
2026/9/7,21897,1611,3.49
2026/9/7,21956,1611,3.7
2026/9/7,22261,1611,4.2
2026/9/6,12740,1612,4.5
2026/9/7,3904,1612,3.69
2026/9/7,11627,1612,3.9
2026/9/7,21086,1612,3.99
2026/9/7,3,1613,2.9
2026/9/7,17796,1613,2.55
2026/9/7,115,1615,15.9
2026/9/7,11622,1615,14.49
2026/9/7,21462,1615,16.2
2026/9/7,3,1619,20.4
2026/9/7,1325,1619,20.4
2026/9/7,3,1628,9.9
2026/9/7,1980,1628,9.9
2026/9/7,17102,1628,9.1
2026/9/7,21263,1628,10.9
2026/9/7,3,1635,10.0
2026/9/7,21183,1635,10.3
2026/9/7,21619,1635,9.6
2026/9/7,1107,1651,1.5
2026/9/6,585,1804,17.0
2026/9/7,343,1804,15.9
2026/9/7,1734,1804,14.0
2026/9/7,21264,1804,15.99
2026/9/1,2,1819,15.0
2026/9/1,3694,1819,18.0
2026/9/10,5311,1819,10.0
2026/9/10,17463,1819,9.95
2026/9/10,20992,1819,14.9
2026/9/10,21239,1819,14.7
2026/9/11,3265,1819,15.0
2026/9/11,17364,1819,10.5
2026/9/11,20907,1819,7.99
2026/9/2,3041,1819,5.99
2026/9/2,15820,1819,7.49
2026/9/3,2657,1819,9.99
2026/9/4,1826,1819,12.0
2026/9/4,1959,1819,12.0
2026/9/4,2641,1819,13.0
2026/9/4,20833,1819,12.99
2026/9/4,21972,1819,8.8
2026/9/5,15118,1819,12.0
2026/9/5,17637,1819,10.9
2026/9/5,21266,1819,10.9
2026/9/6,176,1819,6.39
2026/9/6,3256,1819,10.9
2026/9/6,21367,1819,9.99
2026/9/7,17802,1819,15.8
2026/9/7,17943,1819,8.99
2026/9/7,21205,1819,11.99
2026/9/7,21419,1819,13.29
2026/9/8,183,1819,9.9
2026/9/8,955,1819,10.0
2026/9/8,20828,1819,10.0
2026/9/8,21361,1819,8.99
2026/9/8,21435,1819,15.99
2026/9/9,1211,1819,10.0
2026/9/9,17152,1819,10.99
2026/9/9,18462,1819,7.99
2026/9/9,20690,1819,18.5
2026/9/9,21731,1819,12.99
2026/9/7,834,1822,28.99
2026/9/7,834,1823,33.99
2026/9/7,22258,1823,34.8
2026/9/7,1869,1824,34.0
2026/9/7,364,1825,29.0
2026/9/7,343,1826,27.9
2026/9/7,834,1827,3.69
2026/9/7,754,1832,27.9
2026/9/7,754,1833,29.39
2026/9/7,21202,1833,29.9
2026/9/7,3,1849,5.3
2026/9/7,1756,1849,4.59
2026/9/7,3,1870,3.46
2026/9/7,14564,1870,3.45
2026/9/7,3,1872,8.8
2026/9/7,3,1879,1.89
2026/9/7,18462,1879,1.6
2026/9/6,585,1899,18.0
2026/9/6,589,1899,30.0
2026/9/7,439,1899,19.99
2026/9/7,1325,1899,15.99
2026/9/7,12165,1899,25.5
2026/9/7,20705,1899,19.89
2026/9/7,22254,1899,35.0
2026/9/6,1053,1900,30.0
2026/9/7,11716,1900,15.0
2026/9/7,15201,1900,23.5
2026/9/7,20867,1900,23.5
2026/9/7,3,1904,34.25
2026/9/7,1962,1904,25.99
2026/9/7,18474,1904,23.9
2026/9/7,22126,1904,26.0
2026/9/7,261,1913,22.49
2026/9/6,2048,1914,24.0
2026/9/6,1053,1915,45.0
2026/9/7,4205,1915,49.99
2026/9/7,17906,1915,45.99
2026/9/1,2,1916,20.0
2026/9/10,21485,1916,26.9
2026/9/11,5823,1916,33.9
2026/9/2,20948,1916,32.0
2026/9/3,333,1916,33.5
2026/9/3,5219,1916,18.9
2026/9/4,333,1916,33.5
2026/9/4,2248,1916,24.0
2026/9/7,2948,1916,30.0
2026/9/7,4203,1916,33.0
2026/9/7,21078,1916,32.9
2026/9/8,4648,1916,32.0
2026/9/9,4501,1916,28.0
2026/9/6,585,1919,60.0
2026/9/1,2,1921,20.0
2026/9/1,3265,1921,16.0
2026/9/10,21344,1921,13.99
2026/9/2,7997,1921,18.0
2026/9/2,22234,1921,22.9
2026/9/4,20856,1921,13.7
2026/9/4,21890,1921,15.99
2026/9/5,955,1921,13.0
2026/9/5,17798,1921,14.99
2026/9/8,7961,1921,16.0
2026/9/9,758,1921,21.99
2026/9/9,5377,1921,15.9
2026/9/9,18697,1921,15.9
2026/9/9,21418,1921,16.99
2026/9/9,21580,1921,19.9
2026/9/6,1053,1923,11.0
2026/9/7,2221,1923,10.0
2026/9/7,5838,1923,10.0
2026/9/7,14332,1923,8.99
2026/9/7,17775,1923,10.8
2026/9/7,18673,1923,10.49
2026/9/1,2,1926,10.0
2026/9/1,11616,1926,12.0
2026/9/1,17796,1926,10.2
2026/9/10,18116,1926,12.99
2026/9/2,11652,1926,15.0
2026/9/2,21239,1926,19.9
2026/9/3,18556,1926,17.5
2026/9/4,20768,1926,8.69
2026/9/5,3195,1926,12.0
2026/9/5,21599,1926,19.9
2026/9/5,21843,1926,8.99
2026/9/6,21736,1926,9.79
2026/9/7,4205,1926,12.99
2026/9/7,18661,1926,19.5
2026/9/7,20992,1926,11.9
2026/9/7,21106,1926,16.0
2026/9/8,7961,1926,14.0
2026/9/9,20993,1926,12.49
2026/9/1,2,1927,13.0
2026/9/1,2270,1927,28.8
2026/9/1,2984,1927,7.99
2026/9/1,10855,1927,19.9
2026/9/10,20707,1927,15.99
2026/9/2,14869,1927,12.99
2026/9/2,21612,1927,25.0
2026/9/5,1137,1927,10.79
2026/9/5,15553,1927,16.9
2026/9/5,20717,1927,12.99
2026/9/5,21676,1927,9.99
2026/9/5,21705,1927,14.5
2026/9/5,22140,1927,18.99
2026/9/6,1527,1927,12.99
2026/9/6,5897,1927,12.0
2026/9/7,21689,1927,11.59
2026/9/8,394,1927,15.99
2026/9/8,6961,1927,16.0
2026/9/9,18044,1927,11.99
2026/9/9,20788,1927,12.99
2026/9/9,20856,1927,29.9
2026/9/1,2,1928,5.0
2026/9/1,364,1928,6.0
2026/9/1,2213,1928,8.0
2026/9/1,3214,1928,6.9
2026/9/1,17463,1928,5.99
2026/9/1,20826,1928,8.0
2026/9/10,1361,1928,4.5
2026/9/10,13120,1928,5.99
2026/9/10,20814,1928,5.9
2026/9/11,7826,1928,7.0
2026/9/11,10750,1928,7.9
2026/9/11,17236,1928,7.5
2026/9/11,17637,1928,16.8
2026/9/2,3984,1928,3.99
2026/9/3,3694,1928,6.0
2026/9/3,20742,1928,3.99
2026/9/3,20790,1928,4.59
2026/9/3,21591,1928,4.49
2026/9/5,720,1928,5.9
2026/9/5,11567,1928,4.99
2026/9/5,21358,1928,9.99
2026/9/5,21559,1928,5.2
2026/9/7,1713,1928,6.0
2026/9/7,7280,1928,3.99
2026/9/7,18480,1928,5.99
2026/9/7,20804,1928,5.79
2026/9/8,5086,1928,8.0
2026/9/9,4666,1928,8.0
2026/9/9,15976,1928,3.99
2026/9/9,21518,1928,6.9
2026/9/6,589,1929,15.0
2026/9/7,2678,1929,14.0
2026/9/7,11737,1929,15.0
2026/9/1,261,1931,2.19
2026/9/1,21073,1931,2.4
2026/9/6,1324,1937,6.9
2026/9/7,9051,1937,6.9
2026/9/7,20974,1937,6.9
2026/9/6,1324,1938,13.3
2026/9/7,17731,1938,13.3
2026/9/6,1324,1939,30.9
2026/9/7,2925,1939,30.9
2026/9/7,17944,1939,30.9
2026/9/7,21286,1939,30.9
2026/9/7,5274,1940,6.9
2026/9/7,3727,1941,13.3
2026/9/7,3727,1942,30.9
2026/9/7,3,1944,14.0
2026/9/7,16,1947,6.5
2026/9/7,754,1951,29.39
2026/9/7,18135,1951,30.3
2026/9/6,1053,1953,3.7
2026/9/7,14803,1953,3.19
2026/9/7,14832,1953,3.5
2026/9/7,21413,1953,3.29
2026/9/7,21800,1953,3.4
2026/9/7,22274,1953,3.69
2026/9/7,3,1955,3.0
2026/9/7,3,1960,9.29
2026/9/7,21108,1960,9.35
2026/9/7,16,1963,37.9
2026/9/7,394,1963,37.5
2026/9/7,2034,1963,35.7
2026/9/7,176,1964,10.65
2026/9/7,17097,1964,10.65
2026/9/7,15,1966,7.6
2026/9/7,21191,1966,7.5
2026/9/7,21199,1966,7.4
2026/9/7,21435,1966,8.25
2026/9/7,21878,1966,6.79
2026/9/6,589,1976,5.0
2026/9/7,11588,1976,4.69
2026/9/7,18471,1976,4.9
2026/9/7,21350,1976,4.9
2026/9/7,3,2001,30.9
2026/9/7,2179,2001,31.0
2026/9/7,11545,2001,28.9
2026/9/7,22128,2001,31.0
2026/9/7,754,2003,3.9
2026/9/7,343,2004,27.2
2026/9/7,3,2009,27.47
2026/9/7,5433,2009,23.99
2026/9/7,21424,2009,22.99
2026/9/7,21453,2009,28.9
2026/9/7,3,2010,27.47
2026/9/7,18666,2010,24.5
2026/9/7,3,2011,3.35
2026/9/7,1756,2011,3.38
2026/9/7,2645,2011,3.55
2026/9/7,17332,2011,3.4
2026/9/7,18712,2011,3.19
2026/9/7,21974,2011,3.4
2026/9/7,3,2014,59.9
2026/9/7,17767,2014,56.8
2026/9/7,3,2019,16.75
2026/9/7,4057,2019,14.99
2026/9/7,18337,2019,12.99
2026/9/7,18578,2019,10.99
2026/9/7,21664,2019,15.2
2026/9/7,22180,2019,16.9
2026/9/7,3,2020,2.94
2026/9/7,3,2022,8.54
2026/9/7,18700,2022,7.49
2026/9/7,20961,2022,7.4
2026/9/7,21502,2022,6.59
2026/9/7,21821,2022,8.2
2026/9/7,21991,2022,9.5
2026/9/6,1053,2025,21.0
2026/9/7,15123,2025,18.0
2026/9/7,21518,2025,18.9
2026/9/7,3,2027,80.19
2026/9/7,22019,2027,70.95
2026/9/7,3,2030,75.67
2026/9/7,3,2031,67.9
2026/9/7,11577,2031,63.9
2026/9/7,12761,2031,66.9
2026/9/7,15201,2031,65.5
2026/9/7,343,2036,2.7
2026/9/7,17179,2037,4.9
2026/9/1,2,2045,10.0
2026/9/1,11623,2045,14.99
2026/9/1,20718,2045,10.0
2026/9/10,18095,2045,8.9
2026/9/10,20692,2045,13.9
2026/9/10,20814,2045,12.9
2026/9/11,10850,2045,15.9
2026/9/11,17906,2045,13.99
2026/9/11,20784,2045,13.9
2026/9/11,21245,2045,9.99
2026/9/11,21378,2045,12.9
2026/9/11,21485,2045,14.9
2026/9/2,12742,2045,10.99
2026/9/2,20853,2045,14.0
2026/9/3,234,2045,12.0
2026/9/3,8614,2045,16.0
2026/9/3,21225,2045,12.0
2026/9/4,3195,2045,16.0
2026/9/4,21239,2045,21.5
2026/9/5,21181,2045,10.0
2026/9/6,3254,2045,12.0
2026/9/6,11699,2045,15.9
2026/9/6,20774,2045,10.99
2026/9/7,14662,2045,14.99
2026/9/7,17728,2045,9.9
2026/9/7,21413,2045,12.9
2026/9/8,5889,2045,13.0
2026/9/8,17906,2045,13.99
2026/9/8,21291,2045,8.9
2026/9/9,725,2045,10.99
2026/9/9,3256,2045,11.5
2026/9/1,2,2047,14.0
2026/9/1,11518,2047,10.99
2026/9/1,21393,2047,15.9
2026/9/10,14832,2047,14.99
2026/9/10,21176,2047,12.99
2026/9/10,22214,2047,15.49
2026/9/2,3211,2047,10.0
2026/9/2,20782,2047,9.99
2026/9/2,21097,2047,11.9
2026/9/3,15081,2047,10.99
2026/9/3,18673,2047,15.99
2026/9/4,17866,2047,9.59
2026/9/4,20692,2047,9.9
2026/9/4,20749,2047,10.99
2026/9/5,1713,2047,10.0
2026/9/5,6039,2047,10.99
2026/9/5,14663,2047,13.8
2026/9/5,21277,2047,9.89
2026/9/5,21736,2047,9.9
2026/9/5,21831,2047,12.99
2026/9/5,21895,2047,11.99
2026/9/6,3261,2047,12.0
2026/9/6,17188,2047,12.99
2026/9/7,433,2047,14.0
2026/9/7,3251,2047,14.0
2026/9/7,15976,2047,14.99
2026/9/7,20747,2047,8.9
2026/9/7,21284,2047,15.9
2026/9/8,20718,2047,13.0
2026/9/8,21242,2047,11.99
2026/9/9,3838,2047,10.9
2026/9/9,5433,2047,9.99
2026/9/7,3,2062,86.6
2026/9/7,1143,2062,82.5
2026/9/7,11509,2062,86.5
2026/9/7,21308,2062,79.85
2026/9/7,22273,2062,79.85
2026/9/1,1962,2066,33.6
2026/9/7,20768,2066,29.89
2026/9/7,21776,2066,32.9
2026/9/1,1962,2068,34.39
2026/9/7,21271,2068,37.0
2026/9/7,21313,2068,37.99
2026/9/7,21823,2068,33.49
2026/9/1,2,2086,6.0
2026/9/1,15123,2086,2.19
2026/9/1,18348,2086,2.99
2026/9/1,20801,2086,4.79
2026/9/10,777,2086,8.0
2026/9/10,4303,2086,13.0
2026/9/10,21076,2086,3.99
2026/9/11,17371,2086,1.99
2026/9/11,17764,2086,13.2
2026/9/11,21080,2086,7.99
2026/9/3,11656,2086,2.49
2026/9/3,17370,2086,17.95
2026/9/3,17636,2086,2.59
2026/9/4,3305,2086,7.0
2026/9/4,9944,2086,7.0
2026/9/5,587,2086,1.99
2026/9/5,754,2086,21.0
2026/9/5,2689,2086,7.0
2026/9/5,3181,2086,5.0
2026/9/5,16193,2086,8.0
2026/9/5,17892,2086,2.29
2026/9/6,435,2086,7.2
2026/9/6,600,2086,6.0
2026/9/6,14371,2086,3.29
2026/9/6,14964,2086,5.49
2026/9/6,22244,2086,1.9
2026/9/7,1284,2086,5.0
2026/9/7,21411,2086,3.29
2026/9/7,21563,2086,8.0
2026/9/8,11616,2086,5.0
2026/9/8,11677,2086,6.0
2026/9/8,16389,2086,3.99
2026/9/9,2629,2086,12.0
2026/9/1,2,2087,4.0
2026/9/1,18132,2087,3.59
2026/9/10,2048,2087,5.0
2026/9/10,20942,2087,2.99
2026/9/10,21448,2087,4.3
2026/9/11,10214,2087,3.99
2026/9/2,21267,2087,4.5
2026/9/3,11669,2087,3.29
2026/9/3,18345,2087,5.99
2026/9/3,21458,2087,7.99
2026/9/3,21544,2087,9.9
2026/9/4,20732,2087,3.9
2026/9/5,15069,2087,6.2
2026/9/5,18044,2087,3.49
2026/9/5,22148,2087,1.99
2026/9/6,21078,2087,3.49
2026/9/7,17771,2087,4.5
2026/9/8,7014,2087,7.0
2026/9/8,21638,2087,4.9
2026/9/9,2925,2087,7.5
2026/9/9,5980,2087,8.0
2026/9/9,14869,2087,2.49
2026/9/7,3,2104,20.99
2026/9/7,11664,2104,19.9
2026/9/7,14150,2104,25.0
2026/9/7,17637,2104,20.99
2026/9/7,20889,2104,25.9
2026/9/7,21105,2104,20.9
2026/9/7,21843,2104,22.9
2026/9/7,3,2105,20.99
2026/9/7,11537,2105,24.6
2026/9/7,11623,2105,25.9
2026/9/7,20996,2105,23.95
2026/9/1,368,2107,2.99
2026/9/10,17332,2107,1.99
2026/9/11,18242,2107,3.9
2026/9/2,11656,2107,2.3
2026/9/3,13941,2107,3.69
2026/9/3,21075,2107,2.99
2026/9/5,22169,2107,2.1
2026/9/7,17839,2107,1.99
2026/9/9,18130,2107,2.99
