reference_key,category_id,product_name,keyword,normalized_keyword,match_type,source_name,source_url,source_locator,is_active
pricecatcher:496847fc5e93,2,Dressed Chicken - Standard,DRESSED CHICKEN - STANDARD,dressed chicken standard,PRICECATCHER_ITEM_NAME,Malaysia PriceCatcher Item Lookup,https://storage.data.gov.my/pricecatcher/lookup_item.csv,item_code=1,1
pricecatcher:3d1afd4447cc,2,Dressed Chicken - Super,DRESSED CHICKEN - SUPER,dressed chicken super,PRICECATCHER_ITEM_NAME,Malaysia PriceCatcher Item Lookup,https://storage.data.gov.my/pricecatcher/lookup_item.csv,item_code=2,1
pricecatcher:c4f2ae70919e,2,Imported Mutton (With Bones) (Australia - Boxed),IMPORTED MUTTON (WITH BONES) (AUSTRALIA - BOXED),imported mutton with bones australia boxed,PRICECATCHER_ITEM_NAME,Malaysia PriceCatcher Item Lookup,https://storage.data.gov.my/pricecatcher/lookup_item.csv,item_code=9,1
pricecatcher:0b54507248d2,2,Imported Mutton (With Bones) (New Zealand - Box),IMPORTED MUTTON (WITH BONES) (NEW ZEALAND - BOX),imported mutton with bones new zealand box,PRICECATCHER_ITEM_NAME,Malaysia PriceCatcher Item Lookup,https://storage.data.gov.my/pricecatcher/lookup_item.csv,item_code=10,1
pricecatcher:04d2602fb018,2,Imported Mutton (Boneless) (Excluding Leg - Australia),IMPORTED MUTTON (BONELESS) (EXCLUDING LEG - AUSTRALIA),imported mutton boneless excluding leg australia,PRICECATCHER_ITEM_NAME,Malaysia PriceCatcher Item Lookup,https://storage.data.gov.my/pricecatcher/lookup_item.csv,item_code=11,1
pricecatcher:57737b8f85d6,2,Imported Mutton (Boneless) (Excluding Leg - New Zealand),IMPORTED MUTTON (BONELESS) (EXCLUDING LEG - NEW ZEALAND),imported mutton boneless excluding leg new zealand,PRICECATCHER_ITEM_NAME,Malaysia PriceCatcher Item Lookup,https://storage.data.gov.my/pricecatcher/lookup_item.csv,item_code=12,1
pricecatcher:5b54ec08cc21,2,Imported Buffalo Meat (India) * (Topside),IMPORTED BUFFALO MEAT (INDIA) * (TOPSIDE),imported buffalo meat india topside,PRICECATCHER_ITEM_NAME,Malaysia PriceCatcher Item Lookup,https://storage.data.gov.my/pricecatcher/lookup_item.csv,item_code=14,1
pricecatcher:d22fe9162be6,5,Regular Papaya,REGULAR PAPAYA,regular papaya,PRICECATCHER_ITEM_NAME,Malaysia PriceCatcher Item Lookup,https://storage.data.gov.my/pricecatcher/lookup_item.csv,item_code=16,1
pricecatcher:0257c02c1b91,5,Berangan Banana,BERANGAN BANANA,berangan banana,PRICECATCHER_ITEM_NAME,Malaysia PriceCatcher Item Lookup,https://storage.data.gov.my/pricecatcher/lookup_item.csv,item_code=18,1
pricecatcher:61783643598f,5,Lady Finger Banana (Musa Acuminata 'Lady Finger'),LADY FINGER BANANA (MUSA ACUMINATA 'LADY FINGER'),lady finger banana musa acuminata lady finger,PRICECATCHER_ITEM_NAME,Malaysia PriceCatcher Item Lookup,https://storage.data.gov.my/pricecatcher/lookup_item.csv,item_code=19,1
pricecatcher:5892ad495778,5,Seeded Red Watermelon,SEEDED RED WATERMELON,seeded red watermelon,PRICECATCHER_ITEM_NAME,Malaysia PriceCatcher Item Lookup,https://storage.data.gov.my/pricecatcher/lookup_item.csv,item_code=20,1
pricecatcher:d0c977b8e891,5,Seedless Red Watermelon,SEEDLESS RED WATERMELON,seedless red watermelon,PRICECATCHER_ITEM_NAME,Malaysia PriceCatcher Item Lookup,https://storage.data.gov.my/pricecatcher/lookup_item.csv,item_code=21,1
pricecatcher:a14ad4f4bf37,5,Red Dragon Fruit,RED DRAGON FRUIT,red dragon fruit,PRICECATCHER_ITEM_NAME,Malaysia PriceCatcher Item Lookup,https://storage.data.gov.my/pricecatcher/lookup_item.csv,item_code=22,1
pricecatcher:9db1f072c2c3,5,Regular Pineapple (Josapine/Morris/Sarawak),REGULAR PINEAPPLE (JOSAPINE/MORRIS/SARAWAK),regular pineapple josapine morris sarawak,PRICECATCHER_ITEM_NAME,Malaysia PriceCatcher Item Lookup,https://storage.data.gov.my/pricecatcher/lookup_item.csv,item_code=25,1
pricecatcher:1c6cf701e27d,5,Seeded Green Grapes,SEEDED GREEN GRAPES,seeded green grapes,PRICECATCHER_ITEM_NAME,Malaysia PriceCatcher Item Lookup,https://storage.data.gov.my/pricecatcher/lookup_item.csv,item_code=26,1
pricecatcher:01b86a25df05,5,Seeded Red Grapes,SEEDED RED GRAPES,seeded red grapes,PRICECATCHER_ITEM_NAME,Malaysia PriceCatcher Item Lookup,https://storage.data.gov.my/pricecatcher/lookup_item.csv,item_code=27,1
pricecatcher:c3adadc926ef,5,Yellow Lai (Size M),YELLOW LAI (SIZE M),yellow lai size m,PRICECATCHER_ITEM_NAME,Malaysia PriceCatcher Item Lookup,https://storage.data.gov.my/pricecatcher/lookup_item.csv,item_code=31,1
pricecatcher:7edbc17980a8,5,Seeded Guava,SEEDED GUAVA,seeded guava,PRICECATCHER_ITEM_NAME,Malaysia PriceCatcher Item Lookup,https://storage.data.gov.my/pricecatcher/lookup_item.csv,item_code=38,1
pricecatcher:64e18fc06243,5,Seedless Guava,SEEDLESS GUAVA,seedless guava,PRICECATCHER_ITEM_NAME,Malaysia PriceCatcher Item Lookup,https://storage.data.gov.my/pricecatcher/lookup_item.csv,item_code=39,1
pricecatcher:888cd17e3501,3,Black Pomfret (Between 2 And 5 Fish Per Kilogram),BLACK POMFRET (BETWEEN 2 AND 5 FISH PER KILOGRAM),black pomfret between 2 and 5 fish per kilogram,PRICECATCHER_ITEM_NAME,Malaysia PriceCatcher Item Lookup,https://storage.data.gov.my/pricecatcher/lookup_item.csv,item_code=43,1
pricecatcher:91420e6974b2,3,Hardtail Scad (Between 4 And 6 Fish Per Kilogram),HARDTAIL SCAD (BETWEEN 4 AND 6 FISH PER KILOGRAM),hardtail scad between 4 and 6 fish per kilogram,PRICECATCHER_ITEM_NAME,Malaysia PriceCatcher Item Lookup,https://storage.data.gov.my/pricecatcher/lookup_item.csv,item_code=47,1
pricecatcher:e4e43a278f37,3,Snapper Fish Head,SNAPPER FISH HEAD,snapper fish head,PRICECATCHER_ITEM_NAME,Malaysia PriceCatcher Item Lookup,https://storage.data.gov.my/pricecatcher/lookup_item.csv,item_code=52,1
pricecatcher:8b7833759f1c,3,Small Indo-Pacific Mackerel/Pelaling (Between 10 And 18 Fish Per Kilogram),SMALL INDO-PACIFIC MACKEREL/PELALING (BETWEEN 10 AND 18 FISH PER KILOGRAM),small indo pacific mackerel pelaling between 10 and 18 fish per kilogram,PRICECATCHER_ITEM_NAME,Malaysia PriceCatcher Item Lookup,https://storage.data.gov.my/pricecatcher/lookup_item.csv,item_code=55,1
pricecatcher:9193163a9302,3,Red Snapper Fish Head,RED SNAPPER FISH HEAD,red snapper fish head,PRICECATCHER_ITEM_NAME,Malaysia PriceCatcher Item Lookup,https://storage.data.gov.my/pricecatcher/lookup_item.csv,item_code=64,1
pricecatcher:76cbf009d8d9,3,Yellow Banded Scad (≥ 11 Fish Per Kilogram),YELLOW BANDED SCAD (≥ 11 FISH PER KILOGRAM),yellow banded scad 11 fish per kilogram,PRICECATCHER_ITEM_NAME,Malaysia PriceCatcher Item Lookup,https://storage.data.gov.my/pricecatcher/lookup_item.csv,item_code=69,1
pricecatcher:acf67e4cb1ce,3,Yellow-Tail Scad/Pelata (≤ 7 Fish Per Kilogram),YELLOW-TAIL SCAD/PELATA (≤ 7 FISH PER KILOGRAM),yellow tail scad pelata 7 fish per kilogram,PRICECATCHER_ITEM_NAME,Malaysia PriceCatcher Item Lookup,https://storage.data.gov.my/pricecatcher/lookup_item.csv,item_code=70,1
pricecatcher:20fbc1b9d115,3,Catfish (Between 2 And 5 Fish Per Kilogram),CATFISH (BETWEEN 2 AND 5 FISH PER KILOGRAM),catfish between 2 and 5 fish per kilogram,PRICECATCHER_ITEM_NAME,Malaysia PriceCatcher Item Lookup,https://storage.data.gov.my/pricecatcher/lookup_item.csv,item_code=88,1
pricecatcher:faf646d39bdb,4,Red Chili - Kulai,RED CHILI - KULAI,red chili kulai,PRICECATCHER_ITEM_NAME,Malaysia PriceCatcher Item Lookup,https://storage.data.gov.my/pricecatcher/lookup_item.csv,item_code=93,1
pricecatcher:0718c667f095,4,Red Chili - Minyak,RED CHILI - MINYAK,red chili minyak,PRICECATCHER_ITEM_NAME,Malaysia PriceCatcher Item Lookup,https://storage.data.gov.my/pricecatcher/lookup_item.csv,item_code=94,1
pricecatcher:594536c9cf2f,4,Wet Ginger (Mature),WET GINGER (MATURE),wet ginger mature,PRICECATCHER_ITEM_NAME,Malaysia PriceCatcher Item Lookup,https://storage.data.gov.my/pricecatcher/lookup_item.csv,item_code=95,1
pricecatcher:00a445c01d7e,4,Okra/Ladies' Finger,OKRA/LADIES' FINGER,okra ladies finger,PRICECATCHER_ITEM_NAME,Malaysia PriceCatcher Item Lookup,https://storage.data.gov.my/pricecatcher/lookup_item.csv,item_code=96,1
pricecatcher:3255da7c2868,4,Green/French Beans,GREEN/FRENCH BEANS,green french beans,PRICECATCHER_ITEM_NAME,Malaysia PriceCatcher Item Lookup,https://storage.data.gov.my/pricecatcher/lookup_item.csv,item_code=97,1
pricecatcher:15d2aa70f490,4,Long/Asparagus Beans,LONG/ASPARAGUS BEANS,long asparagus beans,PRICECATCHER_ITEM_NAME,Malaysia PriceCatcher Item Lookup,https://storage.data.gov.my/pricecatcher/lookup_item.csv,item_code=98,1
pricecatcher:c59060e93b8b,5,Whole Coconut,WHOLE COCONUT,whole coconut,PRICECATCHER_ITEM_NAME,Malaysia PriceCatcher Item Lookup,https://storage.data.gov.my/pricecatcher/lookup_item.csv,item_code=101,1
pricecatcher:04b15c1f8abe,5,Grated Coconut Palm (Regular),GRATED COCONUT PALM (REGULAR),grated coconut palm regular,PRICECATCHER_ITEM_NAME,Malaysia PriceCatcher Item Lookup,https://storage.data.gov.my/pricecatcher/lookup_item.csv,item_code=102,1
pricecatcher:00846e037e02,13,Fresh Coconut Milk (Regular),FRESH COCONUT MILK (REGULAR),fresh coconut milk regular,PRICECATCHER_ITEM_NAME,Malaysia PriceCatcher Item Lookup,https://storage.data.gov.my/pricecatcher/lookup_item.csv,item_code=103,1
pricecatcher:41c81da83757,4,Imported Round Cabbage (China),IMPORTED ROUND CABBAGE (CHINA),imported round cabbage china,PRICECATCHER_ITEM_NAME,Malaysia PriceCatcher Item Lookup,https://storage.data.gov.my/pricecatcher/lookup_item.csv,item_code=104,1
pricecatcher:644b7ff32141,4,Round Cabbage (Local),ROUND CABBAGE (LOCAL),round cabbage local,PRICECATCHER_ITEM_NAME,Malaysia PriceCatcher Item Lookup,https://storage.data.gov.my/pricecatcher/lookup_item.csv,item_code=105,1
pricecatcher:c236b4bd1434,4,Fresh Turmeric,FRESH TURMERIC,fresh turmeric,PRICECATCHER_ITEM_NAME,Malaysia PriceCatcher Item Lookup,https://storage.data.gov.my/pricecatcher/lookup_item.csv,item_code=108,1
pricecatcher:9ca90ea72728,18,Chicken Eggs Grade A (Weight 65.0 Gm To 69.9 Gm Each),CHICKEN EGGS GRADE A (WEIGHT 65.0 GM TO 69.9 GM EACH),chicken eggs grade a weight 65 0 gm to 69 9 gm each,PRICECATCHER_ITEM_NAME,Malaysia PriceCatcher Item Lookup,https://storage.data.gov.my/pricecatcher/lookup_item.csv,item_code=118,1
pricecatcher:70871a6747b5,18,Chicken Eggs Grade B (Weight 60.0 Gm To 64.9 Gm),CHICKEN EGGS GRADE B (WEIGHT 60.0 GM TO 64.9 GM),chicken eggs grade b weight 60 0 gm to 64 9 gm,PRICECATCHER_ITEM_NAME,Malaysia PriceCatcher Item Lookup,https://storage.data.gov.my/pricecatcher/lookup_item.csv,item_code=119,1
pricecatcher:28ee0ddf9a62,18,Chicken Eggs Grade C (Weight 55.0 Gm To 59.9 Gm Each),CHICKEN EGGS GRADE C (WEIGHT 55.0 GM TO 59.9 GM EACH),chicken eggs grade c weight 55 0 gm to 59 9 gm each,PRICECATCHER_ITEM_NAME,Malaysia PriceCatcher Item Lookup,https://storage.data.gov.my/pricecatcher/lookup_item.csv,item_code=120,1
pricecatcher:1ba592f1976c,4,Big Yellow/Holland Onion,BIG YELLOW/HOLLAND ONION,big yellow holland onion,PRICECATCHER_ITEM_NAME,Malaysia PriceCatcher Item Lookup,https://storage.data.gov.my/pricecatcher/lookup_item.csv,item_code=129,1
pricecatcher:72fbcef1a7b6,4,Imported Rose Shallots (India),IMPORTED ROSE SHALLOTS (INDIA),imported rose shallots india,PRICECATCHER_ITEM_NAME,Malaysia PriceCatcher Item Lookup,https://storage.data.gov.my/pricecatcher/lookup_item.csv,item_code=131,1
pricecatcher:b79e2f46d9cd,4,Imported Shallots (Thailand),IMPORTED SHALLOTS (THAILAND),imported shallots thailand,PRICECATCHER_ITEM_NAME,Malaysia PriceCatcher Item Lookup,https://storage.data.gov.my/pricecatcher/lookup_item.csv,item_code=132,1
pricecatcher:71855538e8a0,13,Ayam Brand Sardines (Tomato Sauce),AYAM BRAND SARDINES (TOMATO SAUCE),ayam brand sardines tomato sauce,PRICECATCHER_ITEM_NAME,Malaysia PriceCatcher Item Lookup,https://storage.data.gov.my/pricecatcher/lookup_item.csv,item_code=191,1
pricecatcher:65eaf271065a,13,King Cup Brand Sardines (Tomato Sauce),KING CUP BRAND SARDINES (TOMATO SAUCE),king cup brand sardines tomato sauce,PRICECATCHER_ITEM_NAME,Malaysia PriceCatcher Item Lookup,https://storage.data.gov.my/pricecatcher/lookup_item.csv,item_code=193,1
pricecatcher:95feacc3812f,13,Lady's Choice Strawberry Jam,LADY'S CHOICE STRAWBERRY JAM,lady s choice strawberry jam,PRICECATCHER_ITEM_NAME,Malaysia PriceCatcher Item Lookup,https://storage.data.gov.my/pricecatcher/lookup_item.csv,item_code=201,1
pricecatcher:8c240e268969,1,Mainland Chesdale Cheddar Cheese Spread 12 Cheddar,MAINLAND CHESDALE CHEDDAR CHEESE SPREAD 12 CHEDDAR,mainland chesdale cheddar cheese spread 12 cheddar,PRICECATCHER_ITEM_NAME,Malaysia PriceCatcher Item Lookup,https://storage.data.gov.my/pricecatcher/lookup_item.csv,item_code=203,1
pricecatcher:684309368745,13,Daisy Margarine,DAISY MARGARINE,daisy margarine,PRICECATCHER_ITEM_NAME,Malaysia PriceCatcher Item Lookup,https://storage.data.gov.my/pricecatcher/lookup_item.csv,item_code=205,1
pricecatcher:62ce583d2a06,13,Planta Margarine,PLANTA MARGARINE,planta margarine,PRICECATCHER_ITEM_NAME,Malaysia PriceCatcher Item Lookup,https://storage.data.gov.my/pricecatcher/lookup_item.csv,item_code=206,1
pricecatcher:4ef54e3b4873,13,Kipas Udang Brand Thick Sweet Soy Sauce,KIPAS UDANG BRAND THICK SWEET SOY SAUCE,kipas udang brand thick sweet soy sauce,PRICECATCHER_ITEM_NAME,Malaysia PriceCatcher Item Lookup,https://storage.data.gov.my/pricecatcher/lookup_item.csv,item_code=214,1
pricecatcher:bb5d0c2ee91e,13,Maggi Tomato Sauce,MAGGI TOMATO SAUCE,maggi tomato sauce,PRICECATCHER_ITEM_NAME,Malaysia PriceCatcher Item Lookup,https://storage.data.gov.my/pricecatcher/lookup_item.csv,item_code=217,1
pricecatcher:c98d575f8e12,13,Life Chili Sauce,LIFE CHILI SAUCE,life chili sauce,PRICECATCHER_ITEM_NAME,Malaysia PriceCatcher Item Lookup,https://storage.data.gov.my/pricecatcher/lookup_item.csv,item_code=218,1
pricecatcher:39fe707bc671,7,Drinho Soya (Box),DRINHO SOYA (BOX),drinho soya box,PRICECATCHER_ITEM_NAME,Malaysia PriceCatcher Item Lookup,https://storage.data.gov.my/pricecatcher/lookup_item.csv,item_code=221,1
pricecatcher:f4393b491fbc,7,Yeo's Lychee (Box),YEO'S LYCHEE (BOX),yeo s lychee box,PRICECATCHER_ITEM_NAME,Malaysia PriceCatcher Item Lookup,https://storage.data.gov.my/pricecatcher/lookup_item.csv,item_code=226,1
pricecatcher:756260947dac,7,Coca Cola (Bottle),COCA COLA (BOTTLE),coca cola bottle,PRICECATCHER_ITEM_NAME,Malaysia PriceCatcher Item Lookup,https://storage.data.gov.my/pricecatcher/lookup_item.csv,item_code=228,1
pricecatcher:86d55c380878,7,F&N Orange (Can),F&N ORANGE (CAN),f and n orange can,PRICECATCHER_ITEM_NAME,Malaysia PriceCatcher Item Lookup,https://storage.data.gov.my/pricecatcher/lookup_item.csv,item_code=229,1
pricecatcher:f72fb865e3f5,7,F&N Orange (Bottle),F&N ORANGE (BOTTLE),f and n orange bottle,PRICECATCHER_ITEM_NAME,Malaysia PriceCatcher Item Lookup,https://storage.data.gov.my/pricecatcher/lookup_item.csv,item_code=230,1
pricecatcher:4639f123bafb,7,Mirinda Orange (Bottle),MIRINDA ORANGE (BOTTLE),mirinda orange bottle,PRICECATCHER_ITEM_NAME,Malaysia PriceCatcher Item Lookup,https://storage.data.gov.my/pricecatcher/lookup_item.csv,item_code=232,1
pricecatcher:eaa4a17c0d1a,7,Marigold Peel Fresh Orange Juice,MARIGOLD PEEL FRESH ORANGE JUICE,marigold peel fresh orange juice,PRICECATCHER_ITEM_NAME,Malaysia PriceCatcher Item Lookup,https://storage.data.gov.my/pricecatcher/lookup_item.csv,item_code=235,1
pricecatcher:3d72d55c1209,7,Red Bull (Bottle),RED BULL (BOTTLE),red bull bottle,PRICECATCHER_ITEM_NAME,Malaysia PriceCatcher Item Lookup,https://storage.data.gov.my/pricecatcher/lookup_item.csv,item_code=239,1
pricecatcher:c0ae9005eff1,7,Livita With Honey (Bottle),LIVITA WITH HONEY (BOTTLE),livita with honey bottle,PRICECATCHER_ITEM_NAME,Malaysia PriceCatcher Item Lookup,https://storage.data.gov.my/pricecatcher/lookup_item.csv,item_code=240,1
pricecatcher:8d658e0dea0a,13,Mazola Brand Corn Oil,MAZOLA BRAND CORN OIL,mazola brand corn oil,PRICECATCHER_ITEM_NAME,Malaysia PriceCatcher Item Lookup,https://storage.data.gov.my/pricecatcher/lookup_item.csv,item_code=246,1
pricecatcher:b25afd02e3a5,13,Red Eagle Brand Blended Cooking Oil,RED EAGLE BRAND BLENDED COOKING OIL,red eagle brand blended cooking oil,PRICECATCHER_ITEM_NAME,Malaysia PriceCatcher Item Lookup,https://storage.data.gov.my/pricecatcher/lookup_item.csv,item_code=254,1
pricecatcher:05a9a2f493e0,13,Knife Brand Blended Cooking Oil,KNIFE BRAND BLENDED COOKING OIL,knife brand blended cooking oil,PRICECATCHER_ITEM_NAME,Malaysia PriceCatcher Item Lookup,https://storage.data.gov.my/pricecatcher/lookup_item.csv,item_code=260,1
pricecatcher:cbe149878187,13,Buruh Brand Pure Cooking Oil,BURUH BRAND PURE COOKING OIL,buruh brand pure cooking oil,PRICECATCHER_ITEM_NAME,Malaysia PriceCatcher Item Lookup,https://storage.data.gov.my/pricecatcher/lookup_item.csv,item_code=263,1
pricecatcher:c9bf2d5f51ed,13,Seri Murni Brand Pure Cooking Oil,SERI MURNI BRAND PURE COOKING OIL,seri murni brand pure cooking oil,PRICECATCHER_ITEM_NAME,Malaysia PriceCatcher Item Lookup,https://storage.data.gov.my/pricecatcher/lookup_item.csv,item_code=266,1
pricecatcher:757a155930a2,13,Vesawit Brand Pure Cooking Oil,VESAWIT BRAND PURE COOKING OIL,vesawit brand pure cooking oil,PRICECATCHER_ITEM_NAME,Malaysia PriceCatcher Item Lookup,https://storage.data.gov.my/pricecatcher/lookup_item.csv,item_code=267,1
pricecatcher:71e2c66767d0,13,Qbb Brand Ghee,QBB BRAND GHEE,qbb brand ghee,PRICECATCHER_ITEM_NAME,Malaysia PriceCatcher Item Lookup,https://storage.data.gov.my/pricecatcher/lookup_item.csv,item_code=271,1
pricecatcher:51071063e9bf,11,Lactogen 1 Infant Formula (Box),LACTOGEN 1 INFANT FORMULA (BOX),lactogen 1 infant formula box,PRICECATCHER_ITEM_NAME,Malaysia PriceCatcher Item Lookup,https://storage.data.gov.my/pricecatcher/lookup_item.csv,item_code=299,1
pricecatcher:b62f288222d8,11,Lactogen 2 Follow-On Formula (Box),LACTOGEN 2 FOLLOW-ON FORMULA (BOX),lactogen 2 follow on formula box,PRICECATCHER_ITEM_NAME,Malaysia PriceCatcher Item Lookup,https://storage.data.gov.my/pricecatcher/lookup_item.csv,item_code=300,1
pricecatcher:e0e121d36bab,13,Babas Fish Curry Powder,BABAS FISH CURRY POWDER,babas fish curry powder,PRICECATCHER_ITEM_NAME,Malaysia PriceCatcher Item Lookup,https://storage.data.gov.my/pricecatcher/lookup_item.csv,item_code=350,1
pricecatcher:4990ecd36bf0,13,Babas Chili Powder,BABAS CHILI POWDER,babas chili powder,PRICECATCHER_ITEM_NAME,Malaysia PriceCatcher Item Lookup,https://storage.data.gov.my/pricecatcher/lookup_item.csv,item_code=364,1
pricecatcher:afca91084647,13,Adabi Mixed (Compound) Turmeric Powder,ADABI MIXED (COMPOUND) TURMERIC POWDER,adabi mixed compound turmeric powder,PRICECATCHER_ITEM_NAME,Malaysia PriceCatcher Item Lookup,https://storage.data.gov.my/pricecatcher/lookup_item.csv,item_code=365,1
pricecatcher:7ca3b3956e61,14,Peanuts (Imported),PEANUTS (IMPORTED),peanuts imported,PRICECATCHER_ITEM_NAME,Malaysia PriceCatcher Item Lookup,https://storage.data.gov.my/pricecatcher/lookup_item.csv,item_code=368,1
pricecatcher:34d9031e5e9a,4,Green Bird's Eye Chili,GREEN BIRD'S EYE CHILI,green bird s eye chili,PRICECATCHER_ITEM_NAME,Malaysia PriceCatcher Item Lookup,https://storage.data.gov.my/pricecatcher/lookup_item.csv,item_code=716,1
pricecatcher:300a36eb8f69,3,Squid (Between 11 And 17 Pcs Per Kilogram),SQUID (BETWEEN 11 AND 17 PCS PER KILOGRAM),squid between 11 and 17 pcs per kilogram,PRICECATCHER_ITEM_NAME,Malaysia PriceCatcher Item Lookup,https://storage.data.gov.my/pricecatcher/lookup_item.csv,item_code=845,1
pricecatcher:72653e7b8b60,3,Flower Crab (≤ 4 Pcs Per Kilogram),FLOWER CRAB (≤ 4 PCS PER KILOGRAM),flower crab 4 pcs per kilogram,PRICECATCHER_ITEM_NAME,Malaysia PriceCatcher Item Lookup,https://storage.data.gov.my/pricecatcher/lookup_item.csv,item_code=847,1
pricecatcher:a3a777a5bb9d,3,Small White Prawn (≥ 61 Pcs Per Kilogram),SMALL WHITE PRAWN (≥ 61 PCS PER KILOGRAM),small white prawn 61 pcs per kilogram,PRICECATCHER_ITEM_NAME,Malaysia PriceCatcher Item Lookup,https://storage.data.gov.my/pricecatcher/lookup_item.csv,item_code=849,1
pricecatcher:5fb1eb5c8689,3,Tiger Prawn (Between 20 And 30 Pcs Per Kilogram),TIGER PRAWN (BETWEEN 20 AND 30 PCS PER KILOGRAM),tiger prawn between 20 and 30 pcs per kilogram,PRICECATCHER_ITEM_NAME,Malaysia PriceCatcher Item Lookup,https://storage.data.gov.my/pricecatcher/lookup_item.csv,item_code=850,1
pricecatcher:9f1fc9eddb5d,4,Holland Potato,HOLLAND POTATO,holland potato,PRICECATCHER_ITEM_NAME,Malaysia PriceCatcher Item Lookup,https://storage.data.gov.my/pricecatcher/lookup_item.csv,item_code=861,1
pricecatcher:612ff7362ad9,1,F&N Brand Vitamin Sweetened Creamer,F&N BRAND VITAMIN SWEETENED CREAMER,f and n brand vitamin sweetened creamer,PRICECATCHER_ITEM_NAME,Malaysia PriceCatcher Item Lookup,https://storage.data.gov.my/pricecatcher/lookup_item.csv,item_code=883,1
pricecatcher:257948cc6e19,1,Gold Coin Brand Sweetened Creamer,GOLD COIN BRAND SWEETENED CREAMER,gold coin brand sweetened creamer,PRICECATCHER_ITEM_NAME,Malaysia PriceCatcher Item Lookup,https://storage.data.gov.my/pricecatcher/lookup_item.csv,item_code=884,1
pricecatcher:1885941f2c1a,14,Rambutan Brand Super Rice 5% (Imported),RAMBUTAN BRAND SUPER RICE 5% (IMPORTED),rambutan brand super rice 5 imported,PRICECATCHER_ITEM_NAME,Malaysia PriceCatcher Item Lookup,https://storage.data.gov.my/pricecatcher/lookup_item.csv,item_code=904,1
pricecatcher:6c3ff3688b8a,14,"Ngp Wheat Flour (Packed, Sauh Brand)","NGP WHEAT FLOUR (PACKED, SAUH BRAND)",ngp wheat flour packed sauh brand,PRICECATCHER_ITEM_NAME,Malaysia PriceCatcher Item Lookup,https://storage.data.gov.my/pricecatcher/lookup_item.csv,item_code=917,1
pricecatcher:88ab4cf7eb20,13,Cooking Oil Pack (Assorted Brands),COOKING OIL PACK (ASSORTED BRANDS),cooking oil pack assorted brands,PRICECATCHER_ITEM_NAME,Malaysia PriceCatcher Item Lookup,https://storage.data.gov.my/pricecatcher/lookup_item.csv,item_code=918,1
pricecatcher:dffa078ff0e2,14,Jati Brand Rice (Sst5%),JATI BRAND RICE (SST5%),jati brand rice sst5,PRICECATCHER_ITEM_NAME,Malaysia PriceCatcher Item Lookup,https://storage.data.gov.my/pricecatcher/lookup_item.csv,item_code=992,1
pricecatcher:49066d6146c3,13,Maggi Chili Sauce,MAGGI CHILI SAUCE,maggi chili sauce,PRICECATCHER_ITEM_NAME,Malaysia PriceCatcher Item Lookup,https://storage.data.gov.my/pricecatcher/lookup_item.csv,item_code=1070,1
pricecatcher:fb71c2db7f09,13,Daisy Brand Corn Oil,DAISY BRAND CORN OIL,daisy brand corn oil,PRICECATCHER_ITEM_NAME,Malaysia PriceCatcher Item Lookup,https://storage.data.gov.my/pricecatcher/lookup_item.csv,item_code=1086,1
pricecatcher:e966264d3250,13,Vecorn Brand Corn Oil,VECORN BRAND CORN OIL,vecorn brand corn oil,PRICECATCHER_ITEM_NAME,Malaysia PriceCatcher Item Lookup,https://storage.data.gov.my/pricecatcher/lookup_item.csv,item_code=1089,1
pricecatcher:72085ac6dfff,18,Chicken Eggs Grade A,CHICKEN EGGS GRADE A,chicken eggs grade a,PRICECATCHER_ITEM_NAME,Malaysia PriceCatcher Item Lookup,https://storage.data.gov.my/pricecatcher/lookup_item.csv,item_code=1109,1
pricecatcher:67efa76819d2,18,Chicken Eggs Grade B,CHICKEN EGGS GRADE B,chicken eggs grade b,PRICECATCHER_ITEM_NAME,Malaysia PriceCatcher Item Lookup,https://storage.data.gov.my/pricecatcher/lookup_item.csv,item_code=1110,1
pricecatcher:29a406d23ab4,18,Chicken Eggs Grade C,CHICKEN EGGS GRADE C,chicken eggs grade c,PRICECATCHER_ITEM_NAME,Malaysia PriceCatcher Item Lookup,https://storage.data.gov.my/pricecatcher/lookup_item.csv,item_code=1111,1
pricecatcher:7271833e87ed,4,Green Capsicum,GREEN CAPSICUM,green capsicum,PRICECATCHER_ITEM_NAME,Malaysia PriceCatcher Item Lookup,https://storage.data.gov.my/pricecatcher/lookup_item.csv,item_code=1128,1
pricecatcher:944e5c28baf5,4,Imported Potato (China),IMPORTED POTATO (CHINA),imported potato china,PRICECATCHER_ITEM_NAME,Malaysia PriceCatcher Item Lookup,https://storage.data.gov.my/pricecatcher/lookup_item.csv,item_code=1131,1
pricecatcher:dcb465f12bc4,13,Adabi Sweet Soy Sauce,ADABI SWEET SOY SAUCE,adabi sweet soy sauce,PRICECATCHER_ITEM_NAME,Malaysia PriceCatcher Item Lookup,https://storage.data.gov.my/pricecatcher/lookup_item.csv,item_code=1135,1
pricecatcher:af2ae8d29901,13,Maggi Oyster Sauce,MAGGI OYSTER SAUCE,maggi oyster sauce,PRICECATCHER_ITEM_NAME,Malaysia PriceCatcher Item Lookup,https://storage.data.gov.my/pricecatcher/lookup_item.csv,item_code=1138,1
pricecatcher:64b495b72127,13,Adabi Brand Sardines (Tomato Sauce With Chili),ADABI BRAND SARDINES (TOMATO SAUCE WITH CHILI),adabi brand sardines tomato sauce with chili,PRICECATCHER_ITEM_NAME,Malaysia PriceCatcher Item Lookup,https://storage.data.gov.my/pricecatcher/lookup_item.csv,item_code=1142,1
pricecatcher:c62d9b296cbe,13,Lady's Choice Creamy Peanut Butter,LADY'S CHOICE CREAMY PEANUT BUTTER,lady s choice creamy peanut butter,PRICECATCHER_ITEM_NAME,Malaysia PriceCatcher Item Lookup,https://storage.data.gov.my/pricecatcher/lookup_item.csv,item_code=1144,1
pricecatcher:22cd0d82b7ae,11,Nestle Cerelac Baby Rice - Can,NESTLE CERELAC BABY RICE - CAN,nestle cerelac baby rice can,PRICECATCHER_ITEM_NAME,Malaysia PriceCatcher Item Lookup,https://storage.data.gov.my/pricecatcher/lookup_item.csv,item_code=1145,1
pricecatcher:a59a94b6e750,13,Ayam Brand Coconut Milk,AYAM BRAND COCONUT MILK,ayam brand coconut milk,PRICECATCHER_ITEM_NAME,Malaysia PriceCatcher Item Lookup,https://storage.data.gov.my/pricecatcher/lookup_item.csv,item_code=1151,1
pricecatcher:76a6de057ab0,13,Adabi Tom Yam Paste,ADABI TOM YAM PASTE,adabi tom yam paste,PRICECATCHER_ITEM_NAME,Malaysia PriceCatcher Item Lookup,https://storage.data.gov.my/pricecatcher/lookup_item.csv,item_code=1153,1
pricecatcher:d88f33e3ed8d,7,100 Plus (Original),100 PLUS (ORIGINAL),100 plus original,PRICECATCHER_ITEM_NAME,Malaysia PriceCatcher Item Lookup,https://storage.data.gov.my/pricecatcher/lookup_item.csv,item_code=1355,1
pricecatcher:04637ce6c641,2,Imported Bone-In Goat/Mutton Leg (Mutton) (Australia),IMPORTED BONE-IN GOAT/MUTTON LEG (MUTTON) (AUSTRALIA),imported bone in goat mutton leg mutton australia,PRICECATCHER_ITEM_NAME,Malaysia PriceCatcher Item Lookup,https://storage.data.gov.my/pricecatcher/lookup_item.csv,item_code=1367,1
pricecatcher:7b3af21c1de1,2,Imported Bone-In Goat/Mutton Leg (Mutton) (New Zealand),IMPORTED BONE-IN GOAT/MUTTON LEG (MUTTON) (NEW ZEALAND),imported bone in goat mutton leg mutton new zealand,PRICECATCHER_ITEM_NAME,Malaysia PriceCatcher Item Lookup,https://storage.data.gov.my/pricecatcher/lookup_item.csv,item_code=1368,1
pricecatcher:4094dfb5ee46,2,Local Bone-In Goat Meat,LOCAL BONE-IN GOAT MEAT,local bone in goat meat,PRICECATCHER_ITEM_NAME,Malaysia PriceCatcher Item Lookup,https://storage.data.gov.my/pricecatcher/lookup_item.csv,item_code=1369,1
pricecatcher:05df77256781,2,Imported Beef (Topside),IMPORTED BEEF (TOPSIDE),imported beef topside,PRICECATCHER_ITEM_NAME,Malaysia PriceCatcher Item Lookup,https://storage.data.gov.my/pricecatcher/lookup_item.csv,item_code=1370,1
pricecatcher:dde4182d1b0b,2,Imported Beef (Blade),IMPORTED BEEF (BLADE),imported beef blade,PRICECATCHER_ITEM_NAME,Malaysia PriceCatcher Item Lookup,https://storage.data.gov.my/pricecatcher/lookup_item.csv,item_code=1371,1
pricecatcher:5c06392589cd,2,Imported Beef (Chuck Tender),IMPORTED BEEF (CHUCK TENDER),imported beef chuck tender,PRICECATCHER_ITEM_NAME,Malaysia PriceCatcher Item Lookup,https://storage.data.gov.my/pricecatcher/lookup_item.csv,item_code=1372,1
pricecatcher:8cceb8406e17,2,Imported Beef (Knuckle),IMPORTED BEEF (KNUCKLE),imported beef knuckle,PRICECATCHER_ITEM_NAME,Malaysia PriceCatcher Item Lookup,https://storage.data.gov.my/pricecatcher/lookup_item.csv,item_code=1373,1
pricecatcher:1832d5453d18,2,Imported Buffalo Meat (India) * (Silverside),IMPORTED BUFFALO MEAT (INDIA) * (SILVERSIDE),imported buffalo meat india silverside,PRICECATCHER_ITEM_NAME,Malaysia PriceCatcher Item Lookup,https://storage.data.gov.my/pricecatcher/lookup_item.csv,item_code=1375,1
pricecatcher:d48f8950247e,2,Imported Buffalo Meat (India) * (Rump),IMPORTED BUFFALO MEAT (INDIA) * (RUMP),imported buffalo meat india rump,PRICECATCHER_ITEM_NAME,Malaysia PriceCatcher Item Lookup,https://storage.data.gov.my/pricecatcher/lookup_item.csv,item_code=1376,1
pricecatcher:0bba5b2388ea,2,Imported Buffalo Meat (India) * (Blade),IMPORTED BUFFALO MEAT (INDIA) * (BLADE),imported buffalo meat india blade,PRICECATCHER_ITEM_NAME,Malaysia PriceCatcher Item Lookup,https://storage.data.gov.my/pricecatcher/lookup_item.csv,item_code=1377,1
pricecatcher:9f3953eea0d8,2,Imported Buffalo Meat (India) * (Chuck),IMPORTED BUFFALO MEAT (INDIA) * (CHUCK),imported buffalo meat india chuck,PRICECATCHER_ITEM_NAME,Malaysia PriceCatcher Item Lookup,https://storage.data.gov.my/pricecatcher/lookup_item.csv,item_code=1378,1
pricecatcher:fb67b9ceb53d,2,Pork (Lean & Fat),PORK (LEAN & FAT),pork lean and fat,PRICECATCHER_ITEM_NAME,Malaysia PriceCatcher Item Lookup,https://storage.data.gov.my/pricecatcher/lookup_item.csv,item_code=1380,1
pricecatcher:41eb23d74b3d,3,Large White Prawn (Weight Between 41 And 60 Pcs Per Kilogram),LARGE WHITE PRAWN (WEIGHT BETWEEN 41 AND 60 PCS PER KILOGRAM),large white prawn weight between 41 and 60 pcs per kilogram,PRICECATCHER_ITEM_NAME,Malaysia PriceCatcher Item Lookup,https://storage.data.gov.my/pricecatcher/lookup_item.csv,item_code=1391,1
pricecatcher:80c76e0b047c,4,Imported Round Cabbage (Indonesia),IMPORTED ROUND CABBAGE (INDONESIA),imported round cabbage indonesia,PRICECATCHER_ITEM_NAME,Malaysia PriceCatcher Item Lookup,https://storage.data.gov.my/pricecatcher/lookup_item.csv,item_code=1396,1
pricecatcher:183f0717e20d,4,Imported Leek,IMPORTED LEEK,imported leek,PRICECATCHER_ITEM_NAME,Malaysia PriceCatcher Item Lookup,https://storage.data.gov.my/pricecatcher/lookup_item.csv,item_code=1400,1
pricecatcher:a16071ad85d7,4,Chinese Long Cabbage - Large,CHINESE LONG CABBAGE - LARGE,chinese long cabbage large,PRICECATCHER_ITEM_NAME,Malaysia PriceCatcher Item Lookup,https://storage.data.gov.my/pricecatcher/lookup_item.csv,item_code=1412,1
pricecatcher:1066a6d3c96c,14,Regular Dhal (India),REGULAR DHAL (INDIA),regular dhal india,PRICECATCHER_ITEM_NAME,Malaysia PriceCatcher Item Lookup,https://storage.data.gov.my/pricecatcher/lookup_item.csv,item_code=1419,1
pricecatcher:237693a9285c,14,Malavi Dhal (India),MALAVI DHAL (INDIA),malavi dhal india,PRICECATCHER_ITEM_NAME,Malaysia PriceCatcher Item Lookup,https://storage.data.gov.my/pricecatcher/lookup_item.csv,item_code=1420,1
pricecatcher:3b15ff7a3ace,14,Dhal (Australia),DHAL (AUSTRALIA),dhal australia,PRICECATCHER_ITEM_NAME,Malaysia PriceCatcher Item Lookup,https://storage.data.gov.my/pricecatcher/lookup_item.csv,item_code=1422,1
pricecatcher:d1765a11fe76,2,Local Beef (Part 1 Leg Meat (Excluding Tenderloin)),LOCAL BEEF (PART 1 LEG MEAT (EXCLUDING TENDERLOIN)),local beef part 1 leg meat excluding tenderloin,PRICECATCHER_ITEM_NAME,Malaysia PriceCatcher Item Lookup,https://storage.data.gov.my/pricecatcher/lookup_item.csv,item_code=1431,1
pricecatcher:6b0745ce3b6d,2,Local Beef (Part 2 Hard/Lean Meat (Excluding Tenderloin)),LOCAL BEEF (PART 2 HARD/LEAN MEAT (EXCLUDING TENDERLOIN)),local beef part 2 hard lean meat excluding tenderloin,PRICECATCHER_ITEM_NAME,Malaysia PriceCatcher Item Lookup,https://storage.data.gov.my/pricecatcher/lookup_item.csv,item_code=1432,1
pricecatcher:1417c777d0b1,3,Kerisi Fish (Threadfin Bream) (Between 5 And 10 Fish Per Kilogram),KERISI FISH (THREADFIN BREAM) (BETWEEN 5 AND 10 FISH PER KILOGRAM),kerisi fish threadfin bream between 5 and 10 fish per kilogram,PRICECATCHER_ITEM_NAME,Malaysia PriceCatcher Item Lookup,https://storage.data.gov.my/pricecatcher/lookup_item.csv,item_code=1436,1
pricecatcher:4718abb1535b,3,Seabass (Between 2 And 4 Fish Per Kilogram),SEABASS (BETWEEN 2 AND 4 FISH PER KILOGRAM),seabass between 2 and 4 fish per kilogram,PRICECATCHER_ITEM_NAME,Malaysia PriceCatcher Item Lookup,https://storage.data.gov.my/pricecatcher/lookup_item.csv,item_code=1437,1
pricecatcher:7e287190f639,3,Spanish Mackerel - Stick/Whole (Sliced),SPANISH MACKEREL - STICK/WHOLE (SLICED),spanish mackerel stick whole sliced,PRICECATCHER_ITEM_NAME,Malaysia PriceCatcher Item Lookup,https://storage.data.gov.my/pricecatcher/lookup_item.csv,item_code=1438,1
pricecatcher:1a4146e0bec2,4,Imported Big Onion (India),IMPORTED BIG ONION (INDIA),imported big onion india,PRICECATCHER_ITEM_NAME,Malaysia PriceCatcher Item Lookup,https://storage.data.gov.my/pricecatcher/lookup_item.csv,item_code=1440,1
pricecatcher:78a3ee7e51bc,4,Imported Big Onion (China),IMPORTED BIG ONION (CHINA),imported big onion china,PRICECATCHER_ITEM_NAME,Malaysia PriceCatcher Item Lookup,https://storage.data.gov.my/pricecatcher/lookup_item.csv,item_code=1441,1
pricecatcher:365140f5c506,4,Imported Regular Shallots (India),IMPORTED REGULAR SHALLOTS (INDIA),imported regular shallots india,PRICECATCHER_ITEM_NAME,Malaysia PriceCatcher Item Lookup,https://storage.data.gov.my/pricecatcher/lookup_item.csv,item_code=1442,1
pricecatcher:206c86792677,4,Imported Shallots (China),IMPORTED SHALLOTS (CHINA),imported shallots china,PRICECATCHER_ITEM_NAME,Malaysia PriceCatcher Item Lookup,https://storage.data.gov.my/pricecatcher/lookup_item.csv,item_code=1443,1
pricecatcher:b5477f12c577,4,Imported Shallots (Myanmar),IMPORTED SHALLOTS (MYANMAR),imported shallots myanmar,PRICECATCHER_ITEM_NAME,Malaysia PriceCatcher Item Lookup,https://storage.data.gov.my/pricecatcher/lookup_item.csv,item_code=1444,1
pricecatcher:fd30a51d37f9,14,Faiza Emas Brand Rice (Sst5%),FAIZA EMAS BRAND RICE (SST5%),faiza emas brand rice sst5,PRICECATCHER_ITEM_NAME,Malaysia PriceCatcher Item Lookup,https://storage.data.gov.my/pricecatcher/lookup_item.csv,item_code=1445,1
pricecatcher:0a38c6d87ab3,4,Imported Round Cabbage (Beijing),IMPORTED ROUND CABBAGE (BEIJING),imported round cabbage beijing,PRICECATCHER_ITEM_NAME,Malaysia PriceCatcher Item Lookup,https://storage.data.gov.my/pricecatcher/lookup_item.csv,item_code=1458,1
pricecatcher:014b14cdd1ce,3,White Pomfret (Between 2 And 5 Fish Per Kilogram),WHITE POMFRET (BETWEEN 2 AND 5 FISH PER KILOGRAM),white pomfret between 2 and 5 fish per kilogram,PRICECATCHER_ITEM_NAME,Malaysia PriceCatcher Item Lookup,https://storage.data.gov.my/pricecatcher/lookup_item.csv,item_code=1475,1
pricecatcher:bbfbac2e1c80,3,Indian Mackerel (Between 8 And 12 Fish Per Kilogram),INDIAN MACKEREL (BETWEEN 8 AND 12 FISH PER KILOGRAM),indian mackerel between 8 and 12 fish per kilogram,PRICECATCHER_ITEM_NAME,Malaysia PriceCatcher Item Lookup,https://storage.data.gov.my/pricecatcher/lookup_item.csv,item_code=1476,1
pricecatcher:497a15e8ecdb,3,Mabung Fish (Between 6 And 10 Fish Per Kilogram),MABUNG FISH (BETWEEN 6 AND 10 FISH PER KILOGRAM),mabung fish between 6 and 10 fish per kilogram,PRICECATCHER_ITEM_NAME,Malaysia PriceCatcher Item Lookup,https://storage.data.gov.my/pricecatcher/lookup_item.csv,item_code=1477,1
pricecatcher:4ccc32a70fab,4,Long Cabbage (Local),LONG CABBAGE (LOCAL),long cabbage local,PRICECATCHER_ITEM_NAME,Malaysia PriceCatcher Item Lookup,https://storage.data.gov.my/pricecatcher/lookup_item.csv,item_code=1482,1
pricecatcher:8942025915b1,14,Wet Yellow Noodles (Assorted Brands),WET YELLOW NOODLES (ASSORTED BRANDS),wet yellow noodles assorted brands,PRICECATCHER_ITEM_NAME,Malaysia PriceCatcher Item Lookup,https://storage.data.gov.my/pricecatcher/lookup_item.csv,item_code=1483,1
pricecatcher:7023cd87b6b2,13,Tamarind (Seeded) Assorted Brands,TAMARIND (SEEDED) ASSORTED BRANDS,tamarind seeded assorted brands,PRICECATCHER_ITEM_NAME,Malaysia PriceCatcher Item Lookup,https://storage.data.gov.my/pricecatcher/lookup_item.csv,item_code=1489,1
pricecatcher:288d5296136c,14,Thai Glutinous Rice (Milk) Assorted Brands,THAI GLUTINOUS RICE (MILK) ASSORTED BRANDS,thai glutinous rice milk assorted brands,PRICECATCHER_ITEM_NAME,Malaysia PriceCatcher Item Lookup,https://storage.data.gov.my/pricecatcher/lookup_item.csv,item_code=1491,1
pricecatcher:3300934971c2,14,Thai Glutinous Rice (Regular) Assorted Brands,THAI GLUTINOUS RICE (REGULAR) ASSORTED BRANDS,thai glutinous rice regular assorted brands,PRICECATCHER_ITEM_NAME,Malaysia PriceCatcher Item Lookup,https://storage.data.gov.my/pricecatcher/lookup_item.csv,item_code=1492,1
pricecatcher:846d3984b786,7,Coca Cola (Can),COCA COLA (CAN),coca cola can,PRICECATCHER_ITEM_NAME,Malaysia PriceCatcher Item Lookup,https://storage.data.gov.my/pricecatcher/lookup_item.csv,item_code=1507,1
pricecatcher:dbdce5b97d28,11,Heinz Farley Rusks (Assorted Flavors),HEINZ FARLEY RUSKS (ASSORTED FLAVORS),heinz farley rusks assorted flavors,PRICECATCHER_ITEM_NAME,Malaysia PriceCatcher Item Lookup,https://storage.data.gov.my/pricecatcher/lookup_item.csv,item_code=1515,1
pricecatcher:8e3c0173aeab,11,Heinz Apple Puree,HEINZ APPLE PUREE,heinz apple puree,PRICECATCHER_ITEM_NAME,Malaysia PriceCatcher Item Lookup,https://storage.data.gov.my/pricecatcher/lookup_item.csv,item_code=1517,1
pricecatcher:ec975f35511b,13,Adabi Chinese Fried Rice Powder,ADABI CHINESE FRIED RICE POWDER,adabi chinese fried rice powder,PRICECATCHER_ITEM_NAME,Malaysia PriceCatcher Item Lookup,https://storage.data.gov.my/pricecatcher/lookup_item.csv,item_code=1544,1
pricecatcher:aa016a937e5f,13,Seri Aji Anchovy Fried Rice Paste,SERI AJI ANCHOVY FRIED RICE PASTE,seri aji anchovy fried rice paste,PRICECATCHER_ITEM_NAME,Malaysia PriceCatcher Item Lookup,https://storage.data.gov.my/pricecatcher/lookup_item.csv,item_code=1545,1
pricecatcher:2a1467ebb3bc,7,Pepsi Cola (Can),PEPSI COLA (CAN),pepsi cola can,PRICECATCHER_ITEM_NAME,Malaysia PriceCatcher Item Lookup,https://storage.data.gov.my/pricecatcher/lookup_item.csv,item_code=1547,1
pricecatcher:4eeb91262b22,2,Chicken Leg (Chicken Drumstick),CHICKEN LEG (CHICKEN DRUMSTICK),chicken leg chicken drumstick,PRICECATCHER_ITEM_NAME,Malaysia PriceCatcher Item Lookup,https://storage.data.gov.my/pricecatcher/lookup_item.csv,item_code=1550,1
pricecatcher:187fc6b6f9ba,2,Chicken Breast (Chicken Keel),CHICKEN BREAST (CHICKEN KEEL),chicken breast chicken keel,PRICECATCHER_ITEM_NAME,Malaysia PriceCatcher Item Lookup,https://storage.data.gov.my/pricecatcher/lookup_item.csv,item_code=1551,1
pricecatcher:933125c3443b,2,Whole Chicken Leg,WHOLE CHICKEN LEG,whole chicken leg,PRICECATCHER_ITEM_NAME,Malaysia PriceCatcher Item Lookup,https://storage.data.gov.my/pricecatcher/lookup_item.csv,item_code=1553,1
pricecatcher:f3d4f2bf3915,3,Red Snapper (Sliced),RED SNAPPER (SLICED),red snapper sliced,PRICECATCHER_ITEM_NAME,Malaysia PriceCatcher Item Lookup,https://storage.data.gov.my/pricecatcher/lookup_item.csv,item_code=1554,1
pricecatcher:417dcdd2bc57,3,White Prawn/Vannamei (Farmed) (Between 41 And 60 Pcs Per Kilogram),WHITE PRAWN/VANNAMEI (FARMED) (BETWEEN 41 AND 60 PCS PER KILOGRAM),white prawn vannamei farmed between 41 and 60 pcs per kilogram,PRICECATCHER_ITEM_NAME,Malaysia PriceCatcher Item Lookup,https://storage.data.gov.my/pricecatcher/lookup_item.csv,item_code=1555,1
pricecatcher:1286d90ee79f,4,Green Spinach,GREEN SPINACH,green spinach,PRICECATCHER_ITEM_NAME,Malaysia PriceCatcher Item Lookup,https://storage.data.gov.my/pricecatcher/lookup_item.csv,item_code=1556,1
pricecatcher:efbf6bf415e4,4,Green Mustard Greens,GREEN MUSTARD GREENS,green mustard greens,PRICECATCHER_ITEM_NAME,Malaysia PriceCatcher Item Lookup,https://storage.data.gov.my/pricecatcher/lookup_item.csv,item_code=1558,1
pricecatcher:80a76ceae680,4,Water Spinach (Kangkung),WATER SPINACH (KANGKUNG),water spinach kangkung,PRICECATCHER_ITEM_NAME,Malaysia PriceCatcher Item Lookup,https://storage.data.gov.my/pricecatcher/lookup_item.csv,item_code=1559,1
pricecatcher:c39e888e4482,4,Kailan (Chinese Kale),KAILAN (CHINESE KALE),kailan chinese kale,PRICECATCHER_ITEM_NAME,Malaysia PriceCatcher Item Lookup,https://storage.data.gov.my/pricecatcher/lookup_item.csv,item_code=1560,1
pricecatcher:670179c0bbf2,3,Dried Prawn,DRIED PRAWN,dried prawn,PRICECATCHER_ITEM_NAME,Malaysia PriceCatcher Item Lookup,https://storage.data.gov.my/pricecatcher/lookup_item.csv,item_code=1562,1
pricecatcher:7e524f3c9b8c,3,Dried Squid (Medium Size),DRIED SQUID (MEDIUM SIZE),dried squid medium size,PRICECATCHER_ITEM_NAME,Malaysia PriceCatcher Item Lookup,https://storage.data.gov.my/pricecatcher/lookup_item.csv,item_code=1563,1
pricecatcher:73155e408c2f,4,Imported Garlic (China),IMPORTED GARLIC (CHINA),imported garlic china,PRICECATCHER_ITEM_NAME,Malaysia PriceCatcher Item Lookup,https://storage.data.gov.my/pricecatcher/lookup_item.csv,item_code=1564,1
pricecatcher:8bc57f1f2824,13,Adabi Fish Curry Powder,ADABI FISH CURRY POWDER,adabi fish curry powder,PRICECATCHER_ITEM_NAME,Malaysia PriceCatcher Item Lookup,https://storage.data.gov.my/pricecatcher/lookup_item.csv,item_code=1568,1
pricecatcher:4cc1721c3bfb,13,Adabi Chicken And Meat Curry Powder,ADABI CHICKEN AND MEAT CURRY POWDER,adabi chicken and meat curry powder,PRICECATCHER_ITEM_NAME,Malaysia PriceCatcher Item Lookup,https://storage.data.gov.my/pricecatcher/lookup_item.csv,item_code=1570,1
pricecatcher:04f26433d70e,13,Babas Meat Curry Powder,BABAS MEAT CURRY POWDER,babas meat curry powder,PRICECATCHER_ITEM_NAME,Malaysia PriceCatcher Item Lookup,https://storage.data.gov.my/pricecatcher/lookup_item.csv,item_code=1572,1
pricecatcher:63b0ddb4dd87,13,Adabi Soup Spice Powder,ADABI SOUP SPICE POWDER,adabi soup spice powder,PRICECATCHER_ITEM_NAME,Malaysia PriceCatcher Item Lookup,https://storage.data.gov.my/pricecatcher/lookup_item.csv,item_code=1577,1
pricecatcher:67c861c2d6e8,14,Rambutan Brand Rice (Sst5%),RAMBUTAN BRAND RICE (SST5%),rambutan brand rice sst5,PRICECATCHER_ITEM_NAME,Malaysia PriceCatcher Item Lookup,https://storage.data.gov.my/pricecatcher/lookup_item.csv,item_code=1581,1
pricecatcher:c227529c8ad7,14,Jasmine Brand Rice (Sst5%),JASMINE BRAND RICE (SST5%),jasmine brand rice sst5,PRICECATCHER_ITEM_NAME,Malaysia PriceCatcher Item Lookup,https://storage.data.gov.my/pricecatcher/lookup_item.csv,item_code=1582,1
pricecatcher:a075efd36dd6,14,Jati Twr 5% Brand Super Rice (Imported),JATI TWR 5% BRAND SUPER RICE (IMPORTED),jati twr 5 brand super rice imported,PRICECATCHER_ITEM_NAME,Malaysia PriceCatcher Item Lookup,https://storage.data.gov.my/pricecatcher/lookup_item.csv,item_code=1583,1
pricecatcher:63b42a96fd9b,14,Local Dried Vermicelli (Assorted Brands),LOCAL DRIED VERMICELLI (ASSORTED BRANDS),local dried vermicelli assorted brands,PRICECATCHER_ITEM_NAME,Malaysia PriceCatcher Item Lookup,https://storage.data.gov.my/pricecatcher/lookup_item.csv,item_code=1584,1
pricecatcher:8424dcb2fb75,14,Imported Dried Vermicelli (Assorted Brands),IMPORTED DRIED VERMICELLI (ASSORTED BRANDS),imported dried vermicelli assorted brands,PRICECATCHER_ITEM_NAME,Malaysia PriceCatcher Item Lookup,https://storage.data.gov.my/pricecatcher/lookup_item.csv,item_code=1585,1
pricecatcher:bd4d7d1b81e8,15,Soft Brown Sugar (Assorted Brands),SOFT BROWN SUGAR (ASSORTED BRANDS),soft brown sugar assorted brands,PRICECATCHER_ITEM_NAME,Malaysia PriceCatcher Item Lookup,https://storage.data.gov.my/pricecatcher/lookup_item.csv,item_code=1588,1
pricecatcher:46ea6b04fb56,15,Coarse Filtered White Sugar (Assorted Brands),COARSE FILTERED WHITE SUGAR (ASSORTED BRANDS),coarse filtered white sugar assorted brands,PRICECATCHER_ITEM_NAME,Malaysia PriceCatcher Item Lookup,https://storage.data.gov.my/pricecatcher/lookup_item.csv,item_code=1589,1
pricecatcher:20ba068a37f4,15,Fine Filtered White Sugar (Assorted Brands),FINE FILTERED WHITE SUGAR (ASSORTED BRANDS),fine filtered white sugar assorted brands,PRICECATCHER_ITEM_NAME,Malaysia PriceCatcher Item Lookup,https://storage.data.gov.my/pricecatcher/lookup_item.csv,item_code=1590,1
pricecatcher:28a2266bff66,13,Windmill Gheeblend Brand Ghee,WINDMILL GHEEBLEND BRAND GHEE,windmill gheeblend brand ghee,PRICECATCHER_ITEM_NAME,Malaysia PriceCatcher Item Lookup,https://storage.data.gov.my/pricecatcher/lookup_item.csv,item_code=1603,1
pricecatcher:4215f7b44447,13,Adabi Tamarind (Seedless),ADABI TAMARIND (SEEDLESS),adabi tamarind seedless,PRICECATCHER_ITEM_NAME,Malaysia PriceCatcher Item Lookup,https://storage.data.gov.my/pricecatcher/lookup_item.csv,item_code=1604,1
pricecatcher:a9a6d20ca9b6,13,Regular Fine Salt (Assorted Brands),REGULAR FINE SALT (ASSORTED BRANDS),regular fine salt assorted brands,PRICECATCHER_ITEM_NAME,Malaysia PriceCatcher Item Lookup,https://storage.data.gov.my/pricecatcher/lookup_item.csv,item_code=1605,1
pricecatcher:0d27790087b0,13,M&S Brand Coconut Milk,M&S BRAND COCONUT MILK,m and s brand coconut milk,PRICECATCHER_ITEM_NAME,Malaysia PriceCatcher Item Lookup,https://storage.data.gov.my/pricecatcher/lookup_item.csv,item_code=1610,1
pricecatcher:2426de0c30ec,13,Kara Brand Coconut Milk,KARA BRAND COCONUT MILK,kara brand coconut milk,PRICECATCHER_ITEM_NAME,Malaysia PriceCatcher Item Lookup,https://storage.data.gov.my/pricecatcher/lookup_item.csv,item_code=1611,1
pricecatcher:732db0949248,13,Harmuni Brand Coconut Milk,HARMUNI BRAND COCONUT MILK,harmuni brand coconut milk,PRICECATCHER_ITEM_NAME,Malaysia PriceCatcher Item Lookup,https://storage.data.gov.my/pricecatcher/lookup_item.csv,item_code=1612,1
pricecatcher:5da86112d395,12,Star Brand Essence 'Assorted Flavors',STAR BRAND ESSENCE 'ASSORTED FLAVORS',star brand essence assorted flavors,PRICECATCHER_ITEM_NAME,Malaysia PriceCatcher Item Lookup,https://storage.data.gov.my/pricecatcher/lookup_item.csv,item_code=1613,1
pricecatcher:abec97d8f2d4,1,Anchor Butter (Salted),ANCHOR BUTTER (SALTED),anchor butter salted,PRICECATCHER_ITEM_NAME,Malaysia PriceCatcher Item Lookup,https://storage.data.gov.my/pricecatcher/lookup_item.csv,item_code=1615,1
pricecatcher:412be99eb061,1,Dutch Lady Instant Milk Powder (Regular),DUTCH LADY INSTANT MILK POWDER (REGULAR),dutch lady instant milk powder regular,PRICECATCHER_ITEM_NAME,Malaysia PriceCatcher Item Lookup,https://storage.data.gov.my/pricecatcher/lookup_item.csv,item_code=1619,1
pricecatcher:1bf2380ab163,11,Nestle Cerelac Wheat And Honey - Box,NESTLE CERELAC WHEAT AND HONEY - BOX,nestle cerelac wheat and honey box,PRICECATCHER_ITEM_NAME,Malaysia PriceCatcher Item Lookup,https://storage.data.gov.my/pricecatcher/lookup_item.csv,item_code=1628,1
pricecatcher:165008a6dabd,1,Nestle Coffee-Mate,NESTLE COFFEE-MATE,nestle coffee mate,PRICECATCHER_ITEM_NAME,Malaysia PriceCatcher Item Lookup,https://storage.data.gov.my/pricecatcher/lookup_item.csv,item_code=1635,1
pricecatcher:0c9f8fdfe9c7,7,Yeo's Soya (Box),YEO'S SOYA (BOX),yeo s soya box,PRICECATCHER_ITEM_NAME,Malaysia PriceCatcher Item Lookup,https://storage.data.gov.my/pricecatcher/lookup_item.csv,item_code=1651,1
pricecatcher:6fe404d5289b,14,Imported White Rice Sabah Rice Vagas Tokou,IMPORTED WHITE RICE SABAH RICE VAGAS TOKOU,imported white rice sabah rice vagas tokou,PRICECATCHER_ITEM_NAME,Malaysia PriceCatcher Item Lookup,https://storage.data.gov.my/pricecatcher/lookup_item.csv,item_code=1822,1
pricecatcher:89207db9cf6e,14,Tkc Sabah Rice Tqr 5% Brand,TKC SABAH RICE TQR 5% BRAND,tkc sabah rice tqr 5 brand,PRICECATCHER_ITEM_NAME,Malaysia PriceCatcher Item Lookup,https://storage.data.gov.my/pricecatcher/lookup_item.csv,item_code=1823,1
pricecatcher:6977292afb3a,14,Tkc Super Huma Kelisa Emas Brand Rice (Sabah),TKC SUPER HUMA KELISA EMAS BRAND RICE (SABAH),tkc super huma kelisa emas brand rice sabah,PRICECATCHER_ITEM_NAME,Malaysia PriceCatcher Item Lookup,https://storage.data.gov.my/pricecatcher/lookup_item.csv,item_code=1824,1
pricecatcher:13c206555cbb,14,Sazarice Super Anggur Brand Rice (Imported White Rice),SAZARICE SUPER ANGGUR BRAND RICE (IMPORTED WHITE RICE),sazarice super anggur brand rice imported white rice,PRICECATCHER_ITEM_NAME,Malaysia PriceCatcher Item Lookup,https://storage.data.gov.my/pricecatcher/lookup_item.csv,item_code=1825,1
pricecatcher:c3990998df4a,14,Sazarice Super Roda Brand Rice (Imported White Rice),SAZARICE SUPER RODA BRAND RICE (IMPORTED WHITE RICE),sazarice super roda brand rice imported white rice,PRICECATCHER_ITEM_NAME,Malaysia PriceCatcher Item Lookup,https://storage.data.gov.my/pricecatcher/lookup_item.csv,item_code=1826,1
pricecatcher:df6b2a184ef0,14,"Ngp Wheat Flour (Packed, Muhibah Brand)","NGP WHEAT FLOUR (PACKED, MUHIBAH BRAND)",ngp wheat flour packed muhibah brand,PRICECATCHER_ITEM_NAME,Malaysia PriceCatcher Item Lookup,https://storage.data.gov.my/pricecatcher/lookup_item.csv,item_code=1827,1
pricecatcher:e36e542b11be,14,Bao-Bao Golden Sarawak Brand Rice (Super Import),BAO-BAO GOLDEN SARAWAK BRAND RICE (SUPER IMPORT),bao bao golden sarawak brand rice super import,PRICECATCHER_ITEM_NAME,Malaysia PriceCatcher Item Lookup,https://storage.data.gov.my/pricecatcher/lookup_item.csv,item_code=1832,1
pricecatcher:52303dd4966b,14,Uncle Tan Brand Premium Rice (Super Import),UNCLE TAN BRAND PREMIUM RICE (SUPER IMPORT),uncle tan brand premium rice super import,PRICECATCHER_ITEM_NAME,Malaysia PriceCatcher Item Lookup,https://storage.data.gov.my/pricecatcher/lookup_item.csv,item_code=1833,1
pricecatcher:f1b81e42e6f7,14,'Blue Key' Brand Self-Rising Flour,'BLUE KEY' BRAND SELF-RISING FLOUR,blue key brand self rising flour,PRICECATCHER_ITEM_NAME,Malaysia PriceCatcher Item Lookup,https://storage.data.gov.my/pricecatcher/lookup_item.csv,item_code=1849,1
pricecatcher:9d7eb21cef8e,14,"Ngp Wheat Flour (Packed, Faiza Brand)","NGP WHEAT FLOUR (PACKED, FAIZA BRAND)",ngp wheat flour packed faiza brand,PRICECATCHER_ITEM_NAME,Malaysia PriceCatcher Item Lookup,https://storage.data.gov.my/pricecatcher/lookup_item.csv,item_code=1870,1
pricecatcher:1edb63db8749,13,Lady's Choice Real Mayonnaise,LADY'S CHOICE REAL MAYONNAISE,lady s choice real mayonnaise,PRICECATCHER_ITEM_NAME,Malaysia PriceCatcher Item Lookup,https://storage.data.gov.my/pricecatcher/lookup_item.csv,item_code=1872,1
pricecatcher:604605a1ed36,7,Seven Up Lemon & Lime (Can),SEVEN UP LEMON & LIME (CAN),seven up lemon and lime can,PRICECATCHER_ITEM_NAME,Malaysia PriceCatcher Item Lookup,https://storage.data.gov.my/pricecatcher/lookup_item.csv,item_code=1879,1
pricecatcher:988d25abb1cd,13,Curled Dried Chili (With Stem/Without Stem),CURLED DRIED CHILI (WITH STEM/WITHOUT STEM),curled dried chili with stem without stem,PRICECATCHER_ITEM_NAME,Malaysia PriceCatcher Item Lookup,https://storage.data.gov.my/pricecatcher/lookup_item.csv,item_code=1899,1
pricecatcher:25b61b91d34c,13,Flat Dried Chili (With Stem/Without Stem),FLAT DRIED CHILI (WITH STEM/WITHOUT STEM),flat dried chili with stem without stem,PRICECATCHER_ITEM_NAME,Malaysia PriceCatcher Item Lookup,https://storage.data.gov.my/pricecatcher/lookup_item.csv,item_code=1900,1
pricecatcher:e544ad533495,11,Dumex Dugro 3 (1-3 Years) (Assorted Flavors),DUMEX DUGRO 3 (1-3 YEARS) (ASSORTED FLAVORS),dumex dugro 3 1 3 years assorted flavors,PRICECATCHER_ITEM_NAME,Malaysia PriceCatcher Item Lookup,https://storage.data.gov.my/pricecatcher/lookup_item.csv,item_code=1904,1
pricecatcher:b3d5a5fbdd0f,2,Imported Beef (Block),IMPORTED BEEF (BLOCK),imported beef block,PRICECATCHER_ITEM_NAME,Malaysia PriceCatcher Item Lookup,https://storage.data.gov.my/pricecatcher/lookup_item.csv,item_code=1913,1
pricecatcher:3f16209fef14,2,Imported Buffalo Meat (India) (Block),IMPORTED BUFFALO MEAT (INDIA) (BLOCK),imported buffalo meat india block,PRICECATCHER_ITEM_NAME,Malaysia PriceCatcher Item Lookup,https://storage.data.gov.my/pricecatcher/lookup_item.csv,item_code=1914,1
pricecatcher:2619172780f1,3,Snapper (Sliced),SNAPPER (SLICED),snapper sliced,PRICECATCHER_ITEM_NAME,Malaysia PriceCatcher Item Lookup,https://storage.data.gov.my/pricecatcher/lookup_item.csv,item_code=1915,1
pricecatcher:9e24be7115cb,3,Demuduk/Cupak/Cermin Fish (≤ 3 Fish Per Kilogram),DEMUDUK/CUPAK/CERMIN FISH (≤ 3 FISH PER KILOGRAM),demuduk cupak cermin fish 3 fish per kilogram,PRICECATCHER_ITEM_NAME,Malaysia PriceCatcher Item Lookup,https://storage.data.gov.my/pricecatcher/lookup_item.csv,item_code=1916,1
pricecatcher:938791c40b10,3,Large White Prawn (Between 20 And 30 Pcs Per Kilogram),LARGE WHITE PRAWN (BETWEEN 20 AND 30 PCS PER KILOGRAM),large white prawn between 20 and 30 pcs per kilogram,PRICECATCHER_ITEM_NAME,Malaysia PriceCatcher Item Lookup,https://storage.data.gov.my/pricecatcher/lookup_item.csv,item_code=1919,1
pricecatcher:5d86fae56a8f,3,Red Tilapia (Between 2 And 5 Fish Per Kilogram),RED TILAPIA (BETWEEN 2 AND 5 FISH PER KILOGRAM),red tilapia between 2 and 5 fish per kilogram,PRICECATCHER_ITEM_NAME,Malaysia PriceCatcher Item Lookup,https://storage.data.gov.my/pricecatcher/lookup_item.csv,item_code=1921,1
pricecatcher:d2e641e010d2,4,Round Eggplant,ROUND EGGPLANT,round eggplant,PRICECATCHER_ITEM_NAME,Malaysia PriceCatcher Item Lookup,https://storage.data.gov.my/pricecatcher/lookup_item.csv,item_code=1923,1
pricecatcher:b2d05a2e805b,5,Kasturi Lime (Calamansi),KASTURI LIME (CALAMANSI),kasturi lime calamansi,PRICECATCHER_ITEM_NAME,Malaysia PriceCatcher Item Lookup,https://storage.data.gov.my/pricecatcher/lookup_item.csv,item_code=1928,1
pricecatcher:395751f88ab4,13,Fresh Coconut Milk (Thick),FRESH COCONUT MILK (THICK),fresh coconut milk thick,PRICECATCHER_ITEM_NAME,Malaysia PriceCatcher Item Lookup,https://storage.data.gov.my/pricecatcher/lookup_item.csv,item_code=1929,1
pricecatcher:a9c1e7dc0f11,4,Imported Big Onion (Pakistan),IMPORTED BIG ONION (PAKISTAN),imported big onion pakistan,PRICECATCHER_ITEM_NAME,Malaysia PriceCatcher Item Lookup,https://storage.data.gov.my/pricecatcher/lookup_item.csv,item_code=1931,1
pricecatcher:fe3746853537,13,Saji Brand Pure Cooking Oil,SAJI BRAND PURE COOKING OIL,saji brand pure cooking oil,PRICECATCHER_ITEM_NAME,Malaysia PriceCatcher Item Lookup,https://storage.data.gov.my/pricecatcher/lookup_item.csv,item_code=1937,1
pricecatcher:b6335f24edc0,13,Alif Brand Pure Cooking Oil,ALIF BRAND PURE COOKING OIL,alif brand pure cooking oil,PRICECATCHER_ITEM_NAME,Malaysia PriceCatcher Item Lookup,https://storage.data.gov.my/pricecatcher/lookup_item.csv,item_code=1940,1
pricecatcher:8f71050bf2dc,14,Soybeans (Imported),SOYBEANS (IMPORTED),soybeans imported,PRICECATCHER_ITEM_NAME,Malaysia PriceCatcher Item Lookup,https://storage.data.gov.my/pricecatcher/lookup_item.csv,item_code=1944,1
pricecatcher:e8c12afffb24,12,Royal Baking Powder (Can),ROYAL BAKING POWDER (CAN),royal baking powder can,PRICECATCHER_ITEM_NAME,Malaysia PriceCatcher Item Lookup,https://storage.data.gov.my/pricecatcher/lookup_item.csv,item_code=1947,1
pricecatcher:0811bba4afe0,14,3A Boy Brand Premium Rice (Super Import),3A BOY BRAND PREMIUM RICE (SUPER IMPORT),3a boy brand premium rice super import,PRICECATCHER_ITEM_NAME,Malaysia PriceCatcher Item Lookup,https://storage.data.gov.my/pricecatcher/lookup_item.csv,item_code=1951,1
pricecatcher:79f6f96336e1,1,Saji Brand Sweetened Condensed Creamer,SAJI BRAND SWEETENED CONDENSED CREAMER,saji brand sweetened condensed creamer,PRICECATCHER_ITEM_NAME,Malaysia PriceCatcher Item Lookup,https://storage.data.gov.my/pricecatcher/lookup_item.csv,item_code=1953,1
pricecatcher:a2ae531f48ac,1,Marigold Yogurt (Low Fat) (Strawberry),MARIGOLD YOGURT (LOW FAT) (STRAWBERRY),marigold yogurt low fat strawberry,PRICECATCHER_ITEM_NAME,Malaysia PriceCatcher Item Lookup,https://storage.data.gov.my/pricecatcher/lookup_item.csv,item_code=1955,1
pricecatcher:9265980ade0e,1,Farm Fresh Dates Milk,FARM FRESH DATES MILK,farm fresh dates milk,PRICECATCHER_ITEM_NAME,Malaysia PriceCatcher Item Lookup,https://storage.data.gov.my/pricecatcher/lookup_item.csv,item_code=1960,1
pricecatcher:b01ba911c7f2,11,Anmum Essential Step 4 Original Flavor (No Added Sugar) - Box,ANMUM ESSENTIAL STEP 4 ORIGINAL FLAVOR (NO ADDED SUGAR) - BOX,anmum essential step 4 original flavor no added sugar box,PRICECATCHER_ITEM_NAME,Malaysia PriceCatcher Item Lookup,https://storage.data.gov.my/pricecatcher/lookup_item.csv,item_code=1963,1
pricecatcher:816c52f48a95,14,Quaker Oats Instant Oatmeals,QUAKER OATS INSTANT OATMEALS,quaker oats instant oatmeals,PRICECATCHER_ITEM_NAME,Malaysia PriceCatcher Item Lookup,https://storage.data.gov.my/pricecatcher/lookup_item.csv,item_code=1964,1
pricecatcher:e0c0fca444a7,11,Milna Rusk Biscuits (Assorted Flavors),MILNA RUSK BISCUITS (ASSORTED FLAVORS),milna rusk biscuits assorted flavors,PRICECATCHER_ITEM_NAME,Malaysia PriceCatcher Item Lookup,https://storage.data.gov.my/pricecatcher/lookup_item.csv,item_code=1966,1
pricecatcher:f3d858128829,14,Maggi Instant Noodles Curry Flavor,MAGGI INSTANT NOODLES CURRY FLAVOR,maggi instant noodles curry flavor,PRICECATCHER_ITEM_NAME,Malaysia PriceCatcher Item Lookup,https://storage.data.gov.my/pricecatcher/lookup_item.csv,item_code=1976,1
pricecatcher:6401de280158,11,Dumex Dupro 2 (Follow-On Formula),DUMEX DUPRO 2 (FOLLOW-ON FORMULA),dumex dupro 2 follow on formula,PRICECATCHER_ITEM_NAME,Malaysia PriceCatcher Item Lookup,https://storage.data.gov.my/pricecatcher/lookup_item.csv,item_code=2001,1
pricecatcher:6d32a316461a,14,Family Brand Super Import Rice,FAMILY BRAND SUPER IMPORT RICE,family brand super import rice,PRICECATCHER_ITEM_NAME,Malaysia PriceCatcher Item Lookup,https://storage.data.gov.my/pricecatcher/lookup_item.csv,item_code=2004,1
pricecatcher:7e002e37d2de,11,Dutch Lady 123 (Assorted Flavors),DUTCH LADY 123 (ASSORTED FLAVORS),dutch lady 123 assorted flavors,PRICECATCHER_ITEM_NAME,Malaysia PriceCatcher Item Lookup,https://storage.data.gov.my/pricecatcher/lookup_item.csv,item_code=2009,1
pricecatcher:3f489ded9ac0,11,Dutch Lady 456 (Assorted Flavors),DUTCH LADY 456 (ASSORTED FLAVORS),dutch lady 456 assorted flavors,PRICECATCHER_ITEM_NAME,Malaysia PriceCatcher Item Lookup,https://storage.data.gov.my/pricecatcher/lookup_item.csv,item_code=2010,1
pricecatcher:e598e784e104,13,Maggi Tom Yam Soup Cubes,MAGGI TOM YAM SOUP CUBES,maggi tom yam soup cubes,PRICECATCHER_ITEM_NAME,Malaysia PriceCatcher Item Lookup,https://storage.data.gov.my/pricecatcher/lookup_item.csv,item_code=2011,1
pricecatcher:bd35bf9ce10e,11,Enfagrow A+ Mind Pro Step 3 (Assorted Flavors) (Box),ENFAGROW A+ MIND PRO STEP 3 (ASSORTED FLAVORS) (BOX),enfagrow a mind pro step 3 assorted flavors box,PRICECATCHER_ITEM_NAME,Malaysia PriceCatcher Item Lookup,https://storage.data.gov.my/pricecatcher/lookup_item.csv,item_code=2014,1
pricecatcher:6481773a1cef,7,Nescafe 3 In 1 Original (Aromatic & Balanced),NESCAFE 3 IN 1 ORIGINAL (AROMATIC & BALANCED),nescafe 3 in 1 original aromatic and balanced,PRICECATCHER_ITEM_NAME,Malaysia PriceCatcher Item Lookup,https://storage.data.gov.my/pricecatcher/lookup_item.csv,item_code=2019,1
pricecatcher:a60b0f08fe1f,1,Lactel Yogurt (Fat Free) (Strawberry),LACTEL YOGURT (FAT FREE) (STRAWBERRY),lactel yogurt fat free strawberry,PRICECATCHER_ITEM_NAME,Malaysia PriceCatcher Item Lookup,https://storage.data.gov.my/pricecatcher/lookup_item.csv,item_code=2020,1
pricecatcher:cd77e5dbcd7e,13,Buttercup Spread,BUTTERCUP SPREAD,buttercup spread,PRICECATCHER_ITEM_NAME,Malaysia PriceCatcher Item Lookup,https://storage.data.gov.my/pricecatcher/lookup_item.csv,item_code=2022,1
pricecatcher:dee2155273cf,1,Everyday Instant Milk Powder,EVERYDAY INSTANT MILK POWDER,everyday instant milk powder,PRICECATCHER_ITEM_NAME,Malaysia PriceCatcher Item Lookup,https://storage.data.gov.my/pricecatcher/lookup_item.csv,item_code=2025,1
pricecatcher:e818d069ac8d,11,Nan Step 1 Infant Formula (Box),NAN STEP 1 INFANT FORMULA (BOX),nan step 1 infant formula box,PRICECATCHER_ITEM_NAME,Malaysia PriceCatcher Item Lookup,https://storage.data.gov.my/pricecatcher/lookup_item.csv,item_code=2027,1
pricecatcher:e920fa50e30e,11,Nan Step 2 Follow-On Formula (Box),NAN STEP 2 FOLLOW-ON FORMULA (BOX),nan step 2 follow on formula box,PRICECATCHER_ITEM_NAME,Malaysia PriceCatcher Item Lookup,https://storage.data.gov.my/pricecatcher/lookup_item.csv,item_code=2030,1
pricecatcher:29b4ba6dddeb,11,S-26 Infant Formula Step 1 - (Box),S-26 INFANT FORMULA STEP 1 - (BOX),s 26 infant formula step 1 box,PRICECATCHER_ITEM_NAME,Malaysia PriceCatcher Item Lookup,https://storage.data.gov.my/pricecatcher/lookup_item.csv,item_code=2031,1
pricecatcher:314435128643,14,Kuda Hijau Brand Wheat Flour,KUDA HIJAU BRAND WHEAT FLOUR,kuda hijau brand wheat flour,PRICECATCHER_ITEM_NAME,Malaysia PriceCatcher Item Lookup,https://storage.data.gov.my/pricecatcher/lookup_item.csv,item_code=2036,1
pricecatcher:ff32897aa9de,14,Dried Vermicelli (Longkou Brand),DRIED VERMICELLI (LONGKOU BRAND),dried vermicelli longkou brand,PRICECATCHER_ITEM_NAME,Malaysia PriceCatcher Item Lookup,https://storage.data.gov.my/pricecatcher/lookup_item.csv,item_code=2037,1
pricecatcher:cd0fb0385a00,3,Round Scad/Sardine (Between 8-12 Fish Per Kilogram),ROUND SCAD/SARDINE (BETWEEN 8-12 FISH PER KILOGRAM),round scad sardine between 8 12 fish per kilogram,PRICECATCHER_ITEM_NAME,Malaysia PriceCatcher Item Lookup,https://storage.data.gov.my/pricecatcher/lookup_item.csv,item_code=2045,1
pricecatcher:94bab7df7762,3,Mackeral Tuna (Between 1 And 2 Fish Per Kilogram),MACKERAL TUNA (BETWEEN 1 AND 2 FISH PER KILOGRAM),mackeral tuna between 1 and 2 fish per kilogram,PRICECATCHER_ITEM_NAME,Malaysia PriceCatcher Item Lookup,https://storage.data.gov.my/pricecatcher/lookup_item.csv,item_code=2047,1
pricecatcher:8be4d09bc9fd,11,S-26 Infant Formula Step 1 - (Box) (550G),S-26 INFANT FORMULA STEP 1 - (BOX) (550g),s 26 infant formula step 1 box 550g,PRICECATCHER_ITEM_NAME,Malaysia PriceCatcher Item Lookup,https://storage.data.gov.my/pricecatcher/lookup_item.csv,item_code=2062,1
pricecatcher:acd1a3642407,14,Faiza Emas Brand White Rice (Imported),FAIZA EMAS BRAND WHITE RICE (IMPORTED),faiza emas brand white rice imported,PRICECATCHER_ITEM_NAME,Malaysia PriceCatcher Item Lookup,https://storage.data.gov.my/pricecatcher/lookup_item.csv,item_code=2066,1
pricecatcher:7420cd4b909e,14,Jasmine Super 5 Special Brand Rice (Imported),JASMINE SUPER 5 SPECIAL BRAND RICE (IMPORTED),jasmine super 5 special brand rice imported,PRICECATCHER_ITEM_NAME,Malaysia PriceCatcher Item Lookup,https://storage.data.gov.my/pricecatcher/lookup_item.csv,item_code=2068,1
pricecatcher:1dfea2bb834b,4,Short/Japanese Mustard Greens/Siow Pak Choy (1Kg),SHORT/JAPANESE MUSTARD GREENS/SIOW PAK CHOY (1KG),short japanese mustard greens siow pak choy 1kg,PRICECATCHER_ITEM_NAME,Malaysia PriceCatcher Item Lookup,https://storage.data.gov.my/pricecatcher/lookup_item.csv,item_code=2086,1
pricecatcher:dcce749c62a3,4,White Radish (1Kg),WHITE RADISH (1KG),white radish 1kg,PRICECATCHER_ITEM_NAME,Malaysia PriceCatcher Item Lookup,https://storage.data.gov.my/pricecatcher/lookup_item.csv,item_code=2087,1
pricecatcher:fac4175817ad,11,Fernleaf 1-3 Years (Assorted Flavors),FERNLEAF 1-3 YEARS (ASSORTED FLAVORS),fernleaf 1 3 years assorted flavors,PRICECATCHER_ITEM_NAME,Malaysia PriceCatcher Item Lookup,https://storage.data.gov.my/pricecatcher/lookup_item.csv,item_code=2104,1
pricecatcher:16094113046f,11,Fernleaf 4-6 Years (Assorted Flavors),FERNLEAF 4-6 YEARS (ASSORTED FLAVORS),fernleaf 4 6 years assorted flavors,PRICECATCHER_ITEM_NAME,Malaysia PriceCatcher Item Lookup,https://storage.data.gov.my/pricecatcher/lookup_item.csv,item_code=2105,1
pricecatcher:1c2414611891,4,Imported Potato (Pakistan),IMPORTED POTATO (PAKISTAN),imported potato pakistan,PRICECATCHER_ITEM_NAME,Malaysia PriceCatcher Item Lookup,https://storage.data.gov.my/pricecatcher/lookup_item.csv,item_code=2107,1
